code,name,category,n_true_inputs,n_material_inputs,scenario,n_candidates,n_chosen,true_positives,false_positives,false_negatives,amounts_within_20pct,amount_ratio_median,n_target_flows,flows_within_10pct,flows_within_10pct_share,flow_median_abs_delta_pct,flows_missing,flows_extra,seconds
80edb9d9-1b57-3472-9388-1f6a3961b4c9,"Packing, clay products",Others,10,9,oracle,10,9,9,0,0,9/9,0.9999997737227401,1790,1681,0.9391,0.0,0,0,0.64
80edb9d9-1b57-3472-9388-1f6a3961b4c9,"Packing, clay products",Others,10,9,bounded,10,9,9,0,0,9/9,0.9999997737227401,1790,1681,0.9391,0.0,0,0,0.0
80edb9d9-1b57-3472-9388-1f6a3961b4c9,"Packing, clay products",Others,10,10,partial,7,7,7,0,3,2/7,0.4659887447730251,1790,450,0.2514,45.582,0,0,0.01
80edb9d9-1b57-3472-9388-1f6a3961b4c9,"Packing, clay products",Others,10,9,distractors,20,17,7,9,2,0/9,0.07253676063536312,1790,195,0.1089,60.99,0,0,0.22
392fbd86-4199-3fe3-ae9c-9f89182a06c7,"Green manure IP, until march",agricultural,13,13,oracle,13,13,13,0,0,13/13,1.000000774583163,1790,1681,0.9391,0.0,0,0,0.18
392fbd86-4199-3fe3-ae9c-9f89182a06c7,"Green manure IP, until march",agricultural,13,13,bounded,13,13,13,0,0,13/13,1.000000774583163,1790,1681,0.9391,0.0,0,0,0.0
392fbd86-4199-3fe3-ae9c-9f89182a06c7,"Green manure IP, until march",agricultural,13,13,partial,9,8,8,0,5,2/9,0.8649581469333524,1790,1422,0.7944,5.173,0,0,0.01
392fbd86-4199-3fe3-ae9c-9f89182a06c7,"Green manure IP, until march",agricultural,13,13,distractors,23,17,12,5,1,11/13,0.9551515019396425,1790,1368,0.7642,1.139,0,0,0.2
4290d583-d2ec-3572-b130-a8708c33f8b6,"Methyl ester, from biogenic oils, mix, at regional storage",biomass,4,4,oracle,4,4,4,0,0,2/4,1.9375000143788992,1790,1675,0.9358,0.0,0,0,0.07
4290d583-d2ec-3572-b130-a8708c33f8b6,"Methyl ester, from biogenic oils, mix, at regional storage",biomass,4,4,bounded,4,4,4,0,0,1/4,1.599471429738362,1790,1492,0.8335,2.679,0,0,0.0
4290d583-d2ec-3572-b130-a8708c33f8b6,"Methyl ester, from biogenic oils, mix, at regional storage",biomass,4,4,partial,3,3,3,0,1,1/3,1.6973733912389226,1790,1289,0.7201,6.748,0,0,0.0
4290d583-d2ec-3572-b130-a8708c33f8b6,"Methyl ester, from biogenic oils, mix, at regional storage",biomass,4,4,distractors,14,4,4,0,0,2/4,1.9374689183889864,1790,1675,0.9358,0.001,0,0,0.17
28d0e400-dfe2-3209-8f0e-849dbae9d0c6,"Panelling, aluminium, window frame cover, wall opening, at plant",building components,4,4,oracle,4,4,4,0,0,3/4,1.0000000238006015,1790,1683,0.9402,0.0,0,0,0.07
28d0e400-dfe2-3209-8f0e-849dbae9d0c6,"Panelling, aluminium, window frame cover, wall opening, at plant",building components,4,4,bounded,4,4,4,0,0,3/4,1.0000000238006015,1790,1683,0.9402,0.0,0,0,0.0
28d0e400-dfe2-3209-8f0e-849dbae9d0c6,"Panelling, aluminium, window frame cover, wall opening, at plant",building components,4,4,partial,3,3,3,0,1,1/3,1.2885357191459215,1790,1490,0.8324,2.209,0,0,0.0
28d0e400-dfe2-3209-8f0e-849dbae9d0c6,"Panelling, aluminium, window frame cover, wall opening, at plant",building components,4,4,distractors,14,5,4,1,0,3/4,0.9999681418319618,1790,1683,0.9402,0.006,0,0,0.15
ce890b07-c419-41bf-83b9-ff19734f38f6,"Petrol, burned in building machine, with particle filter",building processes,4,4,oracle,4,4,4,0,0,4/4,0.9994819311286074,1790,1674,0.9352,0.001,0,0,0.07
ce890b07-c419-41bf-83b9-ff19734f38f6,"Petrol, burned in building machine, with particle filter",building processes,4,4,bounded,4,4,4,0,0,4/4,0.9994819311286074,1790,1674,0.9352,0.001,0,0,0.0
ce890b07-c419-41bf-83b9-ff19734f38f6,"Petrol, burned in building machine, with particle filter",building processes,4,4,partial,3,3,3,0,1,2/3,1.011747152607241,1790,1611,0.9,0.327,0,0,0.0
ce890b07-c419-41bf-83b9-ff19734f38f6,"Petrol, burned in building machine, with particle filter",building processes,4,4,distractors,14,6,3,3,1,2/4,1.055666551983099,1790,1584,0.8849,1.466,0,0,0.16
356388ef-8f73-3766-9eac-8ef6fdde9329,Ceramic plant,ceramics,3,3,oracle,3,3,3,0,0,3/3,1.0000000000130764,1790,1682,0.9397,0.0,0,0,0.03
356388ef-8f73-3766-9eac-8ef6fdde9329,Ceramic plant,ceramics,3,3,bounded,3,3,3,0,0,3/3,1.0000000000130764,1790,1682,0.9397,0.0,0,0,0.0
356388ef-8f73-3766-9eac-8ef6fdde9329,Ceramic plant,ceramics,3,3,partial,2,2,2,0,1,2/2,1.0141203055232184,1790,1630,0.9106,1.176,0,0,0.0
356388ef-8f73-3766-9eac-8ef6fdde9329,Ceramic plant,ceramics,3,3,distractors,13,3,3,0,0,3/3,0.9999999960882403,1790,1682,0.9397,0.0,0,0,0.25
87f791bb-fc12-31eb-ae1e-387398762a32,"Copper oxide, at plant",chemicals,8,8,oracle,8,8,8,0,0,6/8,1.000718221529637,1790,1685,0.9413,0.002,0,0,0.07
87f791bb-fc12-31eb-ae1e-387398762a32,"Copper oxide, at plant",chemicals,8,8,bounded,8,8,8,0,0,6/8,1.019633475957145,1790,1685,0.9413,0.266,0,0,0.0
87f791bb-fc12-31eb-ae1e-387398762a32,"Copper oxide, at plant",chemicals,8,8,partial,6,6,6,0,2,6/6,0.9998183265691516,1790,1685,0.9413,0.087,0,0,0.0
87f791bb-fc12-31eb-ae1e-387398762a32,"Copper oxide, at plant",chemicals,8,8,distractors,18,2,1,1,7,0/8,1.2963463786758173e-05,1790,139,0.0777,67.245,0,0,0.21
8afc0715-04a0-3089-8522-1515885eaeaf,"Compressed air, best generation, >30kW, 8 bar gauge, at compressor",compressed air,6,4,oracle,6,4,4,0,0,4/4,1.0000000603934869,1790,1681,0.9391,0.0,0,0,0.02
8afc0715-04a0-3089-8522-1515885eaeaf,"Compressed air, best generation, >30kW, 8 bar gauge, at compressor",compressed air,6,4,bounded,6,4,4,0,0,4/4,1.0000000603934869,1790,1681,0.9391,0.0,0,0,0.0
8afc0715-04a0-3089-8522-1515885eaeaf,"Compressed air, best generation, >30kW, 8 bar gauge, at compressor",compressed air,6,6,partial,4,4,4,0,2,3/4,1.0084414992559663,1790,1681,0.9391,0.013,0,0,0.0
8afc0715-04a0-3089-8522-1515885eaeaf,"Compressed air, best generation, >30kW, 8 bar gauge, at compressor",compressed air,6,4,distractors,16,8,3,5,1,0/4,1.6717490537997723,1790,157,0.0877,38.004,0,0,0.75
254903d1-d665-3454-a4c2-ae1b69bbb0e0,"Use, computer, laptop, standby/sleep mode",computers & network,4,4,oracle,4,4,4,0,0,4/4,1.000000018162741,1791,1686,0.9414,0.0,0,0,0.02
254903d1-d665-3454-a4c2-ae1b69bbb0e0,"Use, computer, laptop, standby/sleep mode",computers & network,4,4,bounded,4,4,4,0,0,4/4,1.000000018162741,1791,1686,0.9414,0.0,0,0,0.0
254903d1-d665-3454-a4c2-ae1b69bbb0e0,"Use, computer, laptop, standby/sleep mode",computers & network,4,4,partial,3,3,3,0,1,3/3,1.0001393318997838,1791,1686,0.9414,0.004,0,0,0.0
254903d1-d665-3454-a4c2-ae1b69bbb0e0,"Use, computer, laptop, standby/sleep mode",computers & network,4,4,distractors,14,8,2,6,2,1/4,0.17302536124062973,1791,936,0.5226,8.371,0,0,0.17
541aeaab-2868-48d7-a530-1c762adc5e23,"Disposal, sewer system, vitrified clay pipe, DN 300, profile 2",construction,10,10,oracle,10,8,8,0,2,1/10,1.1122177940454523,1790,1669,0.9324,0.006,0,0,0.19
541aeaab-2868-48d7-a530-1c762adc5e23,"Disposal, sewer system, vitrified clay pipe, DN 300, profile 2",construction,10,10,bounded,10,10,10,0,0,6/10,1.032347706376787,1790,1675,0.9358,0.0,0,0,0.01
541aeaab-2868-48d7-a530-1c762adc5e23,"Disposal, sewer system, vitrified clay pipe, DN 300, profile 2",construction,10,10,partial,7,6,6,0,4,2/7,1.2922627638329436,1790,1503,0.8397,0.387,0,0,0.13
541aeaab-2868-48d7-a530-1c762adc5e23,"Disposal, sewer system, vitrified clay pipe, DN 300, profile 2",construction,10,10,distractors,20,12,7,5,3,3/10,1.0045496005735475,1790,1578,0.8816,0.16,0,0,0.43
