rank,code,name,location,detected_by,importance,importance_median,dominant_category,dominant_share,breadth,importance_climate,datasets_driven_climate,direct_consumers,blocks_our_rebuilds,evidence,rebuilt_route,rebuilt_co2_ratio,recommendation,top_climate_dependants,imp_climate_change,imp_acidification,imp_ef_particulate_matter,imp_ecotoxicity_freshwater,imp_eutrophication_marine,imp_eutrophication_freshwater,imp_eutrophication_terrestrial,imp_human_toxicity_cancer,imp_human_toxicity_non_cancer,imp_ionising_radiation_human_health,imp_land_use,imp_ozone_depletion,imp_photochemical_ozone_formation_human_health,imp_resource_use_fossils,imp_resource_use_minerals_and_metals,imp_water_use,rank_median,rank_climate
1,6738f024-eb64-3ef8-837e-05b84c6e43da,"Polyethylene, HDPE, granulate, at plant",RER,flag,41.448,38.142,"Resource use, fossils",0.21,16,63.991,86,523,0,pages-not-found,S3,0.81,rebuilt: review and adopt,"Polyethylen (HDPE) pipe (90%); Fleece, polyethylene, at plant (78%); Plastics bucket 18 l incl. transport packaging, at plant (75%)",63.991,38.518,47.376,81.98,37.767,12.145,42.049,10.685,16.163,12.083,5.383,64.981,49.515,137.613,20.785,22.134,1,1
2,c4dbbb99-22d0-37c1-8cc7-fc5a8c64329b,"Polyethylene, LDPE, granulate, at plant",RER,flag,24.461,11.794,"Human toxicity, cancer",0.44,16,15.972,27,121,0,pages-not-found,S3,0.78,rebuilt: review and adopt,"Packaging film, LDPE, at plant (86%); Steam brake, polyethylen (PE), flame-protected (81%); Disposal, spent activated carbon with mercury, 0% water, to underground deposit (70%)",15.972,10.599,12.304,26.508,11.159,3.922,11.783,172.428,6.243,4.196,1.639,46.175,16.749,30.465,9.43,11.805,7,9
3,c80b8e9e-8a0d-36f6-a4a2-1509d03e42c2,"Epoxy resin, liquid, at plant",RER,structure,24.458,19.189,"Ecotoxicity, freshwater",0.26,13,18.762,16,82,0,drafted,S2,2.7,rebuilt: expert revision,"Epoxy resin insulator (SiO2), at plant (99%); Adhesive for metals, at plant (91%); Epoxy resin insulator (Al2O3), at plant (79%)",18.762,26.637,66.201,102.863,35.828,3.188,39.672,7.081,16.481,0.208,0.137,0.109,28.678,23.738,2.135,19.616,3,7
4,298abdac-f564-358c-95a3-7a43418d2671,"Ethylene, average, at plant",RER,flag,22.489,21.432,"Resource use, fossils",0.18,15,38.033,64,72,4,pages-not-found,,,"expert, with report","Ethylene oxide, at plant (77%); Ethanol from ethylene, at plant (75%); Diethyl ether, at plant (75%)",38.033,25.859,33.362,46.857,25.464,9.15,30.097,10.713,16.742,4.599,3.355,1.34,29.489,66.369,17.4,0.999,2,2
5,48985f3e-97b4-3128-a1a8-a5ba91a1cb88,"Polyvinylchloride, suspension polymerised, at plant",RER,flag,17.157,10.159,Ozone depletion,0.41,15,16.14,28,8,0,pages-not-found,S3,0.86,rebuilt: review and adopt,"Polyvinylchloride, bulk polymerised, at plant (85%); Polyvinylchloride, at regional storage (84%); Polyvinylchloride (PVC) pipe (76%)",16.14,9.966,10.03,25.788,10.879,5.28,10.288,6.984,14.91,6.762,3.018,113.913,11.165,21.008,8.144,0.241,8,8
6,bc92bf5a-94f5-3d3c-865f-278a6ba99440,"Titanium dioxide, chloride process, at plant",RER,flag,17.104,12.278,Ozone depletion,0.27,16,12.55,23,3,0,drafted,S3,0.64,rebuilt: expert revision,"Acrylic dispersion, 65% in H2O, at plant (51%); Acrylic varnish, 87.5% in H2O, at plant (47%); Titanium dioxide, production mix, at plant (45%)",12.55,16.333,6.667,10.492,12.007,26.555,14.074,7.569,16.229,25.186,5.002,75.117,10.924,16.761,7.937,10.258,6,10
7,cc45b5d8-b51c-3511-9138-6328a672d020,"Benzene, at plant",RER,structure,17.092,15.8,"Resource use, fossils",0.21,12,31.235,46,28,0,pages-not-found,S2,0.27,rebuilt: expert revision,"Cyclohexane, at plant (74%); xx Hydrochloric acid from benzene chlorination, at plant (67%); Monochlorobenzene, at plant (67%)",31.235,31.372,34.981,1.366,23.744,1.091,27.094,7.856,2.655,0.056,0.055,0.059,26.285,58.142,0.121,27.365,5,3
8,09cda8b1-b652-39b2-8761-c93aecc29f70,"Polypropylene, granulate, at plant",RER,flag,17.032,17.299,"Resource use, fossils",0.2,15,26.088,29,164,0,pages-not-found,S3,0.75,rebuilt: review and adopt,"Polypropylen (PP) pipe (89%); Heating-cooling ceiling, capillary tube mat (89%); Separator (66%)",26.088,17.781,22.298,36.632,18.741,5.9,20.292,5.313,9.264,4.314,2.449,16.816,21.023,54.544,10.284,0.773,4,5
9,ec16c280-6141-3c0b-a896-b895d82ef62d,"Polyols, at plant",RER,structure,15.947,9.813,"Ecotoxicity, freshwater",0.42,12,10.29,16,15,0,pages-not-found,S3,0.91,rebuilt: review and adopt,"Polyurethane, flexible foam, at plant (55%); Flooring, 2K epoxy resin PU, living and administration, at plant (40%); Polyurethane, rigid foam, at plant (34%)",10.29,10.781,32.371,107.74,19.473,7.571,11.401,7.76,6.923,0.296,0.184,0.389,9.335,14.808,0.585,15.248,10,14
10,169c6f0a-21f5-3497-b439-a46a8e2f5a3b,"Propylene, at plant",RER,structure,14.557,7.109,"Resource use, fossils",0.26,12,27.64,50,46,1,pages-not-found,,,"expert, with report","Isopropanol, at plant (59%); xxx Butanol, 1-, at plant (58%); Acrylic acid, at plant (58%)",27.64,23.443,31.209,1.012,18.84,1.183,22.859,2.715,3.493,0.07,0.059,0.05,28.276,61.257,0.087,10.724,14,4
11,05a10e4b-a919-33b6-b017-7c0bf7f7a7f9,"Polystyrene, expandable, at plant",RER,flag,14.459,9.321,"Ecotoxicity, freshwater",0.26,15,10.716,14,11,0,pages-not-found,S3,1.65,rebuilt: expert revision,"Polystyrene foam slab, at plant (85%); Polystyrene, extruded (XPS) CO2 blown, at plant (85%); Polystyrene foam slab, market mix, at regional storage (82%)",10.716,10.068,9.324,59.638,10.011,2.721,9.317,6.657,9.057,10.841,2.67,0.868,8.751,25.571,9.005,46.128,11,12
12,f29ea928-dad4-33fe-ac09-33391c25e0ae,"Titanium dioxide at plant, sulphate process, at plant",RER,flag,12.634,9.131,Ozone depletion,0.19,16,9.868,19,1,0,drafted,S3,0.67,rebuilt: expert revision,"Titanium dioxide, production mix, at plant (55%); LTO electrode material (Li4Ti5O12) (32%); Alkyd paint, white, 60% in H2O, at plant (28%)",9.868,25.21,33.423,4.964,10.603,8.223,12.826,4.101,6.836,7.78,2.922,37.96,10.452,10.344,8.238,8.393,12,15
13,4cad79ab-f140-35b7-a82d-bcbddc19cae9,"Tetrachloroethylene, at plant",WEU,structure,11.844,1.798,Ozone depletion,0.87,12,1.486,2,3,0,pages-not-found,,,"expert, with report","xx Tetrachloroethylene, at regional storage (98%); Solvents, organic, unspecified, at plant (11%); Refrigerant R134a, at plant (3%)",1.486,1.831,2.882,2.652,1.92,0.88,1.992,3.944,2.378,0.098,0.004,164.34,1.766,1.357,0.492,1.488,31,37
14,330e6ef1-e66d-3745-8b7f-eca35c8869a6,"Nylon 66, glass-filled, at plant",RER,structure,10.732,9.838,EF-particulate Matter,0.15,13,21.34,29,7,0,pages-not-found,S3,1.08,rebuilt: review and adopt,"Glass fibre reinforced plastic, polyamide, injection moulding, at plant (87%); Outer frame (74%); xx Wind power plant 2MW, offshore, moving parts (40%)",21.34,17.404,25.932,5.067,25.575,1.189,14.854,2.43,1.388,0.05,0.059,0.038,14.608,21.932,2.108,17.739,9,6
15,f8776697-a950-3522-9852-0dfeca6a8279,"Dichloromethane, at plant",RER,structure,9.5,3.884,Ozone depletion,0.7,11,3.542,4,29,0,pages-not-found,,,"expert, with report","Emulsion polymerisation, polyvinylchlorid (88%); Polyvinylalcohol, at plant (62%); Polyvinylbutyral, powder, at plant (53%)",3.542,4.945,7.158,5.134,4.535,0.593,5.398,2.319,4.53,0.009,0.022,105.976,4.226,2.484,0.341,0.787,16,27
16,c35b697b-e4d0-3d3b-874f-8e1554a6ad67,"Methylene diphenyl diisocyanate, at plant",RER,structure,6.78,7.464,"Ecotoxicity, freshwater",0.14,13,11.217,24,29,0,pages-not-found,S3,0.84,rebuilt: review and adopt,"Polyurethane, rigid foam, at plant (59%); Polyurethane, rigid foam, market mix, at regional storage (57%); PIR insulation with PVC cladding, insulation thickness 80mm (53%)",11.217,11.273,9.328,15.398,7.39,1.231,7.847,3.189,7.064,0.06,0.071,0.061,7.538,12.291,1.075,13.45,13,11
17,53117f8b-9311-37b3-bf5b-6e14b2ae711c,"Polycarbonate, at plant",RER,structure,4.587,3.538,"Ecotoxicity, freshwater",0.26,11,7.565,8,55,0,drafted,S3,0.66,rebuilt: expert revision,"Polycarbonate disk (97%); Transformer, low voltage use, at plant (40%); Potentiometer, unspecified, at plant (23%)",7.565,4.188,13.781,19.199,4.081,0.747,4.461,1.919,2.994,0.03,0.042,0.057,4.425,6.73,0.755,2.426,19,16
18,015cd7db-8a64-3f0b-ba15-6ff81e3d1eb4,"Polyvinylchloride, emulsion polymerised, at plant",RER,flag,4.306,1.93,Water use,0.43,14,2.616,6,2,0,pages-not-found,S3,0.8,rebuilt: review and adopt,"Polyvinylchloride, bulk polymerised, at plant (15%); Polyvinylchloride, at regional storage (15%); Polyvinylchloride (PVC) pipe (13%)",2.616,1.826,2.119,3.574,1.728,0.861,2.035,1.812,2.227,1.194,0.503,12.98,1.693,3.016,1.138,29.58,28,33
19,a86e40e4-1bf1-3124-8798-38c0e6b6af64,"Methylchloride, at plant",WEU,structure,4.248,2.26,Ozone depletion,0.53,12,2.0,4,1,0,pages-not-found,,,"expert, with report","Methylchloride, at regional storage (97%); Silicone product, at plant (17%); xx Ammonium chloride from chlorosilane, at plant (12%)",2.0,3.051,5.373,3.992,2.521,0.935,2.895,1.511,3.439,0.057,0.003,35.777,2.645,1.848,0.895,1.029,25,34
20,b242dd8f-393a-36a6-b974-436e78f905a2,"Latex, at plant",RER,flag,3.74,4.304,"Human toxicity, non-cancer",0.13,11,4.552,9,22,0,pages-not-found,,,"expert, with report","Pitch despergents, in paper production, at plant (87%); Flooring, from rubber granulate, at plant (42%); Toner, colour, powder, at plant (41%)",4.552,6.087,6.306,1.575,5.878,0.381,6.465,2.58,7.794,0.008,0.023,0.075,6.253,6.932,0.877,4.057,15,23
21,0f667d2d-2007-3185-8aeb-0b8e6fbdfb5c,"Hydrogen cyanide, at plant",RER,structure,3.598,1.969,Climate change,0.18,10,10.492,13,60,0,drafted,S3,1.28,rebuilt: expert revision,"Sodium cyanide, at plant (83%); EDTA, ethylenediaminetetraacetic acid, at plant (54%); DTPA, diethylenetriaminepentaacetic acid, at plant (54%)",10.492,5.998,8.187,0.395,4.039,1.984,6.263,0.903,0.514,0.018,0.053,0.011,6.401,9.089,1.27,1.955,27,13
22,582ad303-7f18-3110-83c2-bccca0dc995f,"Ethylene glycol, at plant",RER,flag,3.575,3.726,"Resource use, fossils",0.19,13,6.84,3,70,0,pages-not-found,S2,0.81,rebuilt: review and adopt,"Polyethylene terephthalate, granulate, amorphous, at plant (22%); Heat pump 10 kW production for water source heat pump system (11%); Flexible duct, aluminum/PET, DN of 125, at plant (10%)",6.84,3.827,4.155,6.886,3.625,1.302,4.005,1.631,1.997,2.57,0.912,0.154,4.428,10.77,3.881,0.214,18,17
23,a29aa0d5-9e37-34d7-8868-8a4fff95350a,"Xylene, at plant",RER,flag,3.413,3.521,"Resource use, fossils",0.21,12,4.65,5,41,0,pages-not-found,S3,1.05,rebuilt: review and adopt,"Phthalic anhydride, at plant (56%); xx Chlorothalonil, at regional storage (21%); xx Folpet, at regional storage (20%)",4.65,3.929,5.507,6.641,3.114,1.733,4.004,1.941,2.157,0.42,0.522,0.134,3.957,11.484,4.104,0.306,21,22
24,a22a1218-236e-32ca-8e90-302962a36fb5,"Nylon 6, at plant",RER,structure,3.248,3.863,Eutrophication marine,0.13,9,5.983,5,48,1,pages-not-found,,,"expert, with report","Flooring, tufted carpet with textile fabric backs, at regional storage (75%); Flooring, needle felt, at regional storage (53%); Strap retention (27%)",5.983,5.242,5.544,0.87,6.923,0.686,5.924,0.86,0.388,0.026,0.043,0.038,5.179,5.071,6.545,2.654,17,18
25,dad0fc14-f7f9-3292-8754-ac91fe7c2825,"Acrylonitrile-butadiene-styrene copolymer, ABS, at plant",RER,structure,3.193,3.525,"Resource use, fossils",0.15,13,5.782,6,68,0,pages-not-found,S3,0.6,rebuilt: expert revision,Acrylnitril-butadien-styrol (ABS) pipe (95%); Module lid (80%); Single room ventilator with heat recovery window frame model (28%),5.782,4.204,6.146,3.379,4.171,1.413,4.101,1.839,1.655,0.426,0.217,0.589,4.761,7.477,1.254,3.672,20,19
26,99a93e93-a8a8-34f3-88f3-6af0c21c4762,"Vinyl chloride, at plant",RER,flag,3.146,0.746,Ozone depletion,0.38,6,1.11,0,1,0,pages-not-found,S3,0.58,rebuilt: expert revision,"Chemicals organic, at plant (5%); Natural rubber based sealing, at plant (3%); Plasticiser, for concrete, based on sulfonated melamine formaldehyde (3%)",1.11,0.754,0.867,3.0,0.661,0.333,0.716,0.646,1.605,0.51,0.122,19.123,0.585,1.375,0.738,18.186,48,40
27,cde75755-0bae-3223-89c8-c38412981461,"Polymethyl methacrylate, beads, at plant",RER,structure,2.805,3.463,EF-particulate Matter,0.11,11,4.669,6,10,0,pages-not-found,S3,0.94,rebuilt: review and adopt,"Aluminiumtrihydroxide-acrylic glass, at plant (77%); Aluminiumtrihydroxide-acrylic glass, at plant (77%); Aluminiumtrihydroxide-acrylic glass, at plant (77%)",4.669,4.786,5.007,3.146,3.959,2.252,3.78,0.545,0.555,0.066,0.01,0.02,4.5,4.763,3.991,2.834,22,21
28,bfff239d-8ae3-3730-a048-dffb312515f3,"Purified terephthalic acid, at plant",RER,flag,2.738,2.597,"Resource use, fossils",0.16,12,4.476,5,1,0,pages-not-found,S3,0.34,rebuilt: expert revision,"Polyethylene terephthalate, granulate, amorphous, at plant (59%); Flexible duct, aluminum/PET, DN of 125, at plant (27%); Air filter, in exhaust air valve, at plant (24%)",4.476,3.625,4.089,5.674,3.093,1.142,3.28,1.661,2.101,0.602,0.236,0.165,3.928,7.101,1.734,0.91,24,24
29,1f6091b0-b8fd-3f54-b98b-dbfa5490e46a,"Toluene, liquid, at plant",RER,structure,2.628,2.182,"Resource use, fossils",0.22,9,5.064,8,60,1,pages-not-found,,,"expert, with report","Benzyl chloride, at plant (53%); Benzal chloride, at plant (43%); Benzyl alcohol, at plant (37%)",5.064,3.95,5.133,0.085,3.154,0.144,4.071,1.211,0.296,0.007,0.013,0.002,4.137,9.294,0.021,5.467,26,20
30,350909e9-9a74-33ff-a033-7d15c95e97dc,"Toluene diisocyanate, at plant",RER,structure,2.522,2.717,Eutrophication marine,0.19,9,3.578,2,3,0,pages-not-found,S3,0.42,rebuilt: expert revision,"Polyurethane, flexible foam, at plant (38%); Case, for tablet, at plant (11%); Headset (bluetooth), for smartphone, at plant (3%)",3.578,4.901,5.798,2.135,7.598,0.132,4.348,0.358,0.468,0.01,0.006,0.019,3.3,4.217,0.143,3.332,23,26
31,5ac0612d-cd34-3b83-bfc8-a9bf1983b68b,"Hydrogen, cracking, APME, at plant",RER,structure,2.023,1.618,"Resource use, fossils",0.23,8,4.069,3,1,0,pages-not-found,,,"expert, with report","Hydrogen, liquid, at plant (98%); Hydrogen sulphide, H2S, at plant (44%); Hydrogen peroxide, 50% in H2O, at plant (11%)",4.069,2.837,3.949,0.548,2.634,0.369,3.012,0.674,0.58,0.016,0.004,0.037,3.508,7.489,0.082,2.562,33,25
32,76aac688-8d44-3337-ac3e-9cac4cdafd8b,"Styrene, at plant",RER,structure,1.901,1.736,"Ecotoxicity, freshwater",0.12,12,3.341,3,3,0,pages-not-found,S3,0.52,rebuilt: expert revision,"Market for styrene butadiene rubber (SBR) (30%); Solvents, organic, unspecified, at plant (12%); Chemicals organic, at plant (12%)",3.341,2.588,2.955,3.534,1.756,1.622,1.901,1.715,1.127,0.555,0.123,0.321,1.669,3.399,0.376,3.43,32,28
33,f44d9ac3-f0cb-311d-bdba-3fd3946b573c,"Acetone, liquid, at plant",RER,structure,1.86,1.826,"Resource use, fossils",0.15,9,3.111,2,53,0,drafted,S3,0.91,rebuilt: review and adopt,"xx 4-methyl-2-pentanone, at plant (80%); Bisphenol A, powder, at plant (14%); Solvents, organic, unspecified, at plant (6%)",3.111,3.775,3.94,0.47,2.854,1.108,3.197,0.761,0.665,0.01,0.005,0.012,2.574,4.434,0.305,2.545,30,29
34,c4205d45-8dfb-3aad-ab3f-339c6b1da3f4,"Butadiene, at plant",RER,structure,1.829,0.93,"Resource use, fossils",0.25,8,2.983,2,9,2,pages-not-found,,,"expert, with report","Methyl tert-butyl ether, at plant (64%); Market for styrene butadiene rubber (SBR) (23%); xx Captan, at regional storage (7%)",2.983,3.514,4.518,0.124,2.849,0.126,2.999,0.216,0.262,0.011,0.002,0.005,2.678,7.366,0.011,1.599,45,30
35,e62c6873-86bb-3307-9c80-efac91af8457,Cellulose fibres (injected) (isofloc 2012),CH,flag,1.746,1.826,EF-particulate Matter,0.07,15,1.782,2,6,0,pages-not-found,,,"expert, with report","Cellulose fibres (injected) (isofloc 2012), import, at plant (100%); Cellulose fibres (injected), at regional storage (76%)",1.782,1.976,2.072,1.802,1.835,1.901,1.845,1.973,1.923,1.795,0.017,1.816,1.784,1.765,1.788,1.854,29,36
36,68bb95fd-1526-388c-a01a-50b8d99534b1,"Zeolite, powder, at plant",RER,flag,1.723,1.291,"Human toxicity, non-cancer",0.16,13,1.365,7,40,0,pages-not-found,,,"expert, with report","Synthetic gas, from wood, at fluidized bed gasifier (22%); Glazing, double (2-IV), U<1.1 W/m2K, at plant (19%); xx Glazing, triple (3-IV), U<0.5 W/m2K, at plant (17%)",1.365,1.246,1.058,1.682,1.041,2.86,0.968,2.681,4.408,1.215,0.582,3.63,0.639,1.326,1.604,1.256,35,39
37,dacb7921-fc1f-3ac6-8903-c667d2bddaf4,"Butene, mixed, at plant",RER,structure,1.607,0.943,"Resource use, fossils",0.18,8,2.655,7,33,0,pages-not-found,,,"expert, with report","Methyl ethyl ketone, at plant (75%); xx Butanes from butenes, at plant (33%); 2-butanol, at plant (33%)",2.655,3.035,3.662,0.117,2.82,0.188,3.061,0.63,0.738,0.009,0.007,0.008,3.029,4.589,0.018,1.148,44,32
38,68a626c2-facd-3f88-a5c2-b5cb15115739,"Carboxymethyl cellulose, powder, at plant",RER,flag,1.412,0.993,Ozone depletion,0.31,8,0.876,0,22,0,pages-not-found,,,"expert, with report","Anode paste, NCA (6%); Anode paste, LFP (6%); Marble pit lime plaster, matured (4%)",0.876,1.11,1.263,0.783,0.728,1.619,0.696,0.683,1.396,1.416,1.768,6.953,0.57,1.142,0.825,0.757,41,48
39,b2ddf286-46b3-3a00-8b8a-c38b11ced364,"Polystyrene, high impact, HIPS, at plant",RER,structure,1.339,1.081,"Resource use, fossils",0.21,8,2.787,7,50,0,pages-not-found,S3,1.26,rebuilt: expert revision,"All-in-one printer (WiFi), at plant (24%); Printer, laser jet, b/w, at plant (20%); Printer, laser jet, colour, at plant (20%)",2.787,2.121,2.774,0.152,1.996,0.059,1.886,0.377,0.108,0.007,0.007,0.018,2.739,4.553,0.054,1.785,36,31
40,6f509fd5-88e3-3e43-b96a-a91c2bace699,"Esters of versatic acid, at plant",RER,flag,1.303,1.356,Ozone depletion,0.13,10,1.423,2,1,0,pages-not-found,,,"expert, with report","Acrylic binder, 34% in H2O, at plant (18%); xx Cover coat, organic, at plant (15%); Acrylic filler, at plant (9%)",1.423,1.581,1.579,0.818,1.274,1.644,1.383,0.48,0.652,1.412,0.177,2.809,1.329,2.569,0.959,0.756,34,38
41,f5a22e0a-f55b-3639-86b9-85f999ea7c81,"Polycarboxylates, 40% active substance, at plant",RER,flag,1.155,0.879,Ozone depletion,0.2,6,0.594,0,34,0,pages-not-found,,,"expert, with report","Geopolymer concrete pipe, precast concrete, at plant (4%); Concrete for civil engineering, CEM III, B, NPK F (T3), primary, at plant (3%); Concrete for drilled piles, CEM III, B, NPK I (P2), 66% RC-C, at plant (2%)",0.594,0.921,0.997,0.836,0.521,1.011,0.464,1.179,1.083,0.606,0.513,3.626,0.556,2.11,3.134,0.332,47,55
42,1235438d-3385-3bd1-8921-17951c10c464,"Polystyrene, general purpose, GPPS, at plant",RER,structure,1.091,0.945,EF-particulate Matter,0.14,8,1.919,4,10,0,pages-not-found,S3,1.33,rebuilt: expert revision,"Cationic resin, at plant (78%); Anionic resin, at plant (25%); Water treatment plant, deionisation (23%)",1.919,2.171,2.382,0.199,1.785,0.178,2.054,0.564,0.362,0.006,0.005,0.02,2.026,2.347,0.11,1.325,43,35
43,efaba904-8105-36f4-960e-c01d962787eb,"Particle board, cement bonded, at plant",RER,flag,1.0,1.0,Climate change,0.06,16,1.0,1,1,0,drafted,S3,0.86,rebuilt: review and adopt,"Particle board, cement bonded, at plant, with resource correction (100%)",1.0,1.0,1.0,1.0,1.0,1.0,1.0,1.0,1.0,1.0,1.0,1.0,1.0,1.0,1.0,1.0,39,43
44,2b7663df-e40b-3aa9-b7ee-2ae098409a40,"xxx Wood wool boards, cement bonded, at plant",RER,flag,1.0,1.0,Climate change,0.06,16,1.0,1,1,0,drafted,S2,0.43,rebuilt: expert revision,"Wood wool boards, cement bonded, at plant, with resource correction (100%)",1.0,1.0,1.0,1.0,1.0,1.0,1.0,1.0,1.0,1.0,1.0,1.0,1.0,1.0,1.0,1.0,40,44
45,b3b66822-5c90-3dcd-aa2b-8a39dd2e5c10,"Glass wool mat, phenolic binder ISOVER, at plant",CH,flag,0.963,0.966,EF-particulate Matter,0.06,0,0.949,1,1,0,pages-not-found,,,"expert, with report","Glass wool, market mix, at regional storage (95%)",0.949,0.978,0.987,0.974,0.965,0.967,0.979,0.98,0.931,0.928,0.978,0.976,0.955,0.957,0.95,0.947,42,46
46,f74423b2-f369-31e8-9f86-690eca53ab81,"Gypsum block, at plant",DE,flag,0.892,0.922,Ozone depletion,0.07,0,0.978,1,1,0,pages-not-found,,,"expert, with report","Gypsum block, at regional storage (98%)",0.978,0.92,0.923,0.938,0.887,0.989,0.886,0.848,0.908,0.967,0.466,0.993,0.875,0.979,0.73,0.979,46,45
47,ef0d6337-8fb9-3975-a5b8-3d0c34bffe0b,"Gypsum lime plaster, at plant",CH,flag,0.861,1.0,Ozone depletion,0.07,0,1.0,1,1,0,pages-not-found,,,"expert, with report","Gypsum lime plaster, matured (100%)",1.0,1.0,1.0,0.996,1.0,1.0,1.0,1.0,0.999,0.998,0.0,1.0,1.0,1.0,0.0,0.79,37,41
48,9dde0e93-b9ef-3b8b-a6f8-0cff98a10f19,"Gypsum plaster, at plant",CH,flag,0.86,1.0,Ozone depletion,0.07,0,1.0,1,1,0,pages-not-found,,,"expert, with report","Gypsum plaster, matured (100%)",1.0,1.0,0.999,0.996,1.0,1.0,1.0,1.0,0.999,0.998,0.0,1.0,1.0,1.0,0.0,0.763,38,42
49,c890ba9e-0af2-3f0c-bd1f-ebf25c2fdbc9,"Cellular glass aggregate, at regional storage",CH,flag,0.782,0.616,"Ionising radiation, human health",0.27,2,0.345,1,3,0,no-pdf,,,"expert, no report","Render carrier board, resin bound, at plant (10%); Render carrier board, resin bound, at regional storehouse (10%); Lightweight plaster, mineral, at plant (4%)",0.345,0.601,0.66,0.207,0.63,0.695,0.646,0.42,0.355,3.335,0.365,1.84,0.506,0.923,0.727,0.254,51,60
50,75202015-6030-3e3e-8f9e-a424e2b13030,"Render carrier board, cement bound, at plant",DE,flag,0.703,0.731,"Eutrophication, freshwater",0.08,0,0.794,1,1,0,no-pdf,,,"expert, no report","Render carrier board, cement bound, at regional storage (79%)",0.794,0.762,0.811,0.715,0.619,0.879,0.63,0.593,0.869,0.851,0.193,0.778,0.578,0.71,0.717,0.745,49,52
51,a061bf96-1dc6-3ab8-8dae-af476463276b,"Gypsum fibre board, at plant",DE,flag,0.686,0.683,"Eutrophication, freshwater",0.09,0,0.826,1,1,0,pages-not-found,S2,0.4,rebuilt: expert revision,"Gypsum fibre board, at regional storage (83%)",0.826,0.617,0.613,0.755,0.536,0.97,0.492,0.699,0.667,0.899,0.4,0.917,0.464,0.835,0.423,0.859,50,51
52,909c9c24-8c69-3736-be51-699a03743352,"Gypsum plaster board, at plant",DE,flag,0.635,0.602,Ozone depletion,0.09,0,0.752,1,1,0,pages-not-found,S2,0.81,rebuilt: review and adopt,"Gypsum plaster board, at regional storage (75%)",0.752,0.575,0.616,0.605,0.506,0.87,0.448,0.577,0.599,0.768,0.595,0.89,0.403,0.761,0.397,0.789,52,53
53,48a7efb7-799c-30c3-b932-2c52a61da6bd,"Trichloroethylene, at plant",WEU,structure,0.627,0.574,"Human toxicity, cancer",0.24,4,0.012,0,1,0,pages-not-found,,,"expert, with report",,0.012,0.669,1.087,1.165,0.596,0.048,0.612,2.424,0.612,0.001,0.004,1.822,0.553,0.333,0.007,0.094,53,72
54,0b997ad0-3360-3f80-a886-009e81fa3c33,"Cross-laminted timber, PUR-bonded, packed, at plant",CH,flag,0.547,0.499,"Ionising radiation, human health",0.11,0,0.468,2,2,0,no-pdf,,,"expert, no report","Cross-laminated timber, average glue mix, at regional storage, with resource correction (23%); Cross-laminated timber, average glue mix, at regional storage (23%)",0.468,0.502,0.691,0.446,0.497,0.428,0.493,0.575,0.615,0.986,0.403,0.796,0.63,0.634,0.466,0.121,54,57
55,e6293140-cad8-32a8-81fc-64a059fd97ea,"Anthraquinone, at plant",RER,flag,0.517,0.077,"Human toxicity, cancer",0.78,1,0.071,0,1,0,drafted,S3,0.48,rebuilt: expert revision,"Hydrogen peroxide, 50% in H2O, at plant (2%)",0.071,0.181,0.171,0.323,0.062,0.078,0.08,6.451,0.046,0.076,0.009,0.202,0.057,0.072,0.344,0.043,66,67
56,5e272c8e-e9bc-3aa1-829e-035140910236,"Polybutadiene, at plant",RER,structure,0.485,0.192,EF-particulate Matter,0.27,2,0.884,1,15,0,pages-not-found,S3,0.29,rebuilt: expert revision,"Polymer modified bitumen with 3.5% polybutadiene, at plant (15%); Stone mastic asphalt (SMA) surface layer, 0% recycling, high temperature, at plant (8%); Semi-dense asphalt (SDA) surface layer, 0% recycling, high temperature, at plant (8%)",0.884,1.497,2.135,0.029,0.63,0.122,0.704,0.207,0.141,0.003,0.001,0.001,0.59,0.642,0.005,0.176,61,47
57,d10bea27-bb15-3e80-a163-9c8260f2b785,"Polyvinylidenchloride, granulate, at plant",RER,structure,0.447,0.311,"Human toxicity, cancer",0.24,3,0.397,2,7,0,pages-not-found,,,"expert, with report","Fuel cell stack production, 1 kWe, proton exchange membrane (PEM) (16%); Fuel cell system assembly, 1 kWe, proton exchange membrane (PEM) (13%); Anaerobic digestion plant covered, agriculture (2%)",0.397,0.227,1.11,1.353,0.426,0.062,0.511,1.71,0.362,0.009,0.011,0.004,0.26,0.445,0.001,0.257,57,59
58,e33af7c7-9f40-3d65-8238-14602389c1a1,"Washing machine, at retailer",CH,flag,0.409,0.391,"Resource use, minerals and metals",0.11,0,0.322,1,4,0,no-pdf,,,"expert, no report","EKG I, sanitary facilities, residental building, construction (22%); Office, complex sanitary installation, incl. appliances and pipes, construction (3%); EKG I, sanitary facilities, office building, construction (3%)",0.322,0.535,0.173,0.229,0.386,0.555,0.658,0.404,0.554,0.395,0.358,0.539,0.349,0.281,0.695,0.118,56,61
59,d8ec4be3-c410-3806-98f5-a2ec5a284fee,"Burnt shale, at plant",DE,flag,0.382,0.186,"Resource use, fossils",0.22,1,0.873,0,1,0,drafted,S1,0.99,rebuilt: review and adopt,"CEM II, B cement, at plant (4%); Concrete for drilled piles, CEM II, B, NPK I (P2), 66% RC-C, at plant (4%); Concrete for drilled piles, CEM II, B, NPK H (P1), 66% RC-C, at plant (4%)",0.873,0.996,0.657,0.276,0.601,0.013,0.582,0.022,0.017,0.009,0.035,0.095,0.513,1.363,0.026,0.036,62,49
60,9cd9d57f-0df0-3a2c-bb24-c50f0a1b2286,"Nylon 66, at plant",RER,structure,0.332,0.252,Eutrophication marine,0.17,0,0.7,1,10,0,pages-not-found,S3,0.54,rebuilt: expert revision,"Connector, PCI bus, at plant (13%); Battery, LiIo, rechargeable, prismatic,LiFePO4 (3%); Battery, rechargeable, prismatic, LiNCM, at plant (3%)",0.7,0.43,0.625,0.103,0.919,0.033,0.509,0.044,0.013,0.001,0.001,0.001,0.4,0.793,0.005,0.739,59,54
61,2b89ce00-c1f2-3e3e-b822-550b42aa88c2,"Pentane, at plant",RER,structure,0.331,0.08,"Resource use, fossils",0.26,1,0.445,1,4,1,pages-not-found,,,"expert, with report","2-methyl-2-butanol, at plant (28%); Polyurethane, rigid foam, at plant (1%); Polyurethane, rigid foam, market mix, at regional storage (1%)",0.445,0.654,0.716,0.014,0.595,0.026,0.637,0.066,0.093,0.002,0.001,0.001,0.652,1.365,0.001,0.029,65,58
62,7fa67971-6cbc-3549-9ef2-f518ff87e652,"Feldspar, at plant",RER,flag,0.325,0.282,Ozone depletion,0.23,1,0.283,0,15,3,pages-not-found,,,"expert, with report","Mineral filler, for asphalt concrete production, at plant (8%); Anhydrite from hydrofluoric acid synthesis, at plant (3%); Ceramic tiles, at regional storage (2%)",0.283,0.359,0.433,0.15,0.488,0.149,0.463,0.089,0.117,0.228,0.149,1.223,0.348,0.282,0.079,0.365,58,62
63,09913ea6-df42-3720-8981-e46d587a30d8,"Polymethyl methacrylate, sheet, at plant",RER,structure,0.322,0.201,"Resource use, fossils",0.18,0,0.845,1,4,0,pages-not-found,S3,0.8,rebuilt: review and adopt,"Backlight, LCD screen, at plant (64%); LCD module, at plant (6%); LCD flat screen, 17 inches, at plant (3%)",0.845,0.665,0.786,0.198,0.347,0.075,0.347,0.075,0.011,0.007,0.003,0.01,0.619,0.923,0.035,0.204,60,50
64,291b03c4-2679-3b22-afb9-60c0228619f2,"Methyl methacrylate, at plant",RER,structure,0.317,0.404,Acidification,0.12,0,0.48,1,1,0,pages-not-found,S3,0.52,rebuilt: expert revision,"Sink, granite-acrylresin, at plant (48%)",0.48,0.604,0.529,0.363,0.474,0.142,0.445,0.19,0.136,0.003,0.001,0.001,0.542,0.495,0.461,0.213,55,56
65,be501b1b-8393-3760-8658-39e93bcd6934,"Wood preservative, inorganic salt, containing Cr, at plant",RER,flag,0.254,0.086,"Human toxicity, cancer",0.47,1,0.048,0,2,0,drafted,S3,0.07,rebuilt: expert revision,,0.048,0.142,0.1,0.152,0.056,0.228,0.072,1.907,0.188,0.024,0.012,0.177,0.052,0.032,0.852,0.023,64,69
66,df878822-0deb-3a59-a6b4-396d94a3b654,"Polyethylene, LLDPE, granulate, at plant",RER,flag,0.131,0.095,"Resource use, fossils",0.22,0,0.261,0,6,0,pages-not-found,S3,0.82,rebuilt: review and adopt,Heat pump 10 kW production for air source heat pump system (6%); Heat pump 10 kW production for water source heat pump system (5%); Heat pump 10 kW production for ground source heat pump system (4%),0.261,0.13,0.178,0.351,0.149,0.019,0.13,0.023,0.026,0.031,0.032,0.059,0.174,0.459,0.026,0.051,63,63
67,a1d7a889-ea1b-3f62-b741-f16ed300f920,"Naphtha, APME mix, at refinery",RER,structure,0.115,0.007,"Resource use, fossils",0.44,0,0.123,0,24,0,pages-not-found,S2,1.35,rebuilt: expert revision,"Modified starch, at plant (6%); xx Napropamide, at regional storage (2%)",0.123,0.148,0.227,0.004,0.093,0.004,0.173,0.008,0.007,0.001,0.0,0.0,0.24,0.804,0.0,0.002,72,64
68,0a1033cd-0bf1-3ee9-8942-87d11f4b5b76,"Carbon tetrachloride, at plant",RER,structure,0.098,0.077,EF-particulate Matter,0.2,0,0.075,0,8,0,pages-not-found,,,"expert, with report","Pyretroid-compounds, at regional storehouse (3%); Pyretroid-compounds, at regional storehouse (3%); xx Insecticides, at regional storehouse (1%)",0.075,0.192,0.321,0.037,0.163,0.009,0.213,0.015,0.193,0.0,0.001,0.0,0.146,0.079,0.004,0.126,67,66
69,7efdfea7-aedf-3844-b47e-1b07ea02dae7,"Sodium perborate, tetrahydrate, powder, at plant",RER,flag,0.062,0.048,Ozone depletion,0.16,0,0.045,0,2,0,pages-not-found,,,"expert, with report","Ceramic tiles, at regional storage (1%)",0.045,0.058,0.04,0.032,0.04,0.093,0.04,0.075,0.05,0.082,0.023,0.155,0.034,0.055,0.027,0.147,68,70
70,c7af8832-9551-38fd-a628-363e6fc17c8e,"Polyethylene terephthalate, granulate, bottle grade, at plant",RER,flag,0.054,0.047,"Resource use, fossils",0.17,0,0.092,0,1,0,pages-not-found,S2,0.97,rebuilt: review and adopt,"Inkjet cartridge, at plant (9%)",0.092,0.095,0.101,0.094,0.062,0.007,0.088,0.018,0.031,0.015,0.0,0.001,0.086,0.15,0.001,0.024,69,65
71,daf2331c-b983-3d66-a43d-676900fd0d36,"Zeolite, slurry, 50% in H2O, at plant",RER,flag,0.038,0.037,Ozone depletion,0.15,0,0.035,0,4,0,pages-not-found,,,"expert, with report",,0.035,0.037,0.035,0.042,0.036,0.022,0.04,0.041,0.037,0.053,0.015,0.091,0.032,0.044,0.02,0.023,70,71
72,61383306-1d5d-3a54-8ef2-bc147f1af68b,"Styrene-acrylonitrile copolymer, SAN, at plant",RER,structure,0.027,0.026,"Resource use, fossils",0.2,0,0.069,0,4,0,pages-not-found,S3,1.14,rebuilt: review and adopt,"CRT screen, 17 inches, at plant (2%)",0.069,0.026,0.054,0.028,0.038,0.002,0.036,0.005,0.003,0.002,0.001,0.001,0.048,0.086,0.0,0.026,71,68
73,4b4cdbb7-1edb-3e1c-a7c0-53a5bb19d516,"Aluminium profile, uncoated, Hydro Building Systems, Circal, at regional storage",CH,flag,0.0,0.0,Climate change,0.0,0,0.0,0,0,0,no-pdf,,,"expert, no report",,0.0,0.0,0.0,0.0,0.0,0.0,0.0,0.0,0.0,0.0,0.0,0.0,0.0,0.0,0.0,0.0,73,73
74,870170e5-b0d0-366a-9834-36a087cbff08,Assembled formwork,CH,flag,0.0,0.0,Climate change,0.0,0,0.0,0,0,0,no-pdf,,,"expert, no report",,0.0,0.0,0.0,0.0,0.0,0.0,0.0,0.0,0.0,0.0,0.0,0.0,0.0,0.0,0.0,0.0,74,74
75,9ce2128d-aab2-3a73-9b1d-a9c69d037fe2,"Basalt, Flumroc, at mine",CH,flag,0.0,0.0,Climate change,0.0,0,0.0,0,0,0,no-pdf,,,"expert, no report",,0.0,0.0,0.0,0.0,0.0,0.0,0.0,0.0,0.0,0.0,0.0,0.0,0.0,0.0,0.0,0.0,75,75
76,6cb6413f-4964-3e85-9d89-52de95510ec5,"Brick, filled with perlite, at regional storage",CH,flag,0.0,0.0,Climate change,0.0,0,0.0,0,0,0,no-pdf,,,"expert, no report",,0.0,0.0,0.0,0.0,0.0,0.0,0.0,0.0,0.0,0.0,0.0,0.0,0.0,0.0,0.0,0.0,76,76
77,18a506a4-5e50-30a7-90c5-ed4132eb7937,"Briquette, Flumroc, at plant",CH,flag,0.0,0.0,Climate change,0.0,0,0.0,0,0,0,no-pdf,,,"expert, no report",,0.0,0.0,0.0,0.0,0.0,0.0,0.0,0.0,0.0,0.0,0.0,0.0,0.0,0.0,0.0,0.0,77,77
78,bec8f889-cb7d-3f89-b202-b210c324c37e,"Cellular glass aggregate Misapor, at plant",CH,flag,0.0,0.0,Climate change,0.0,0,0.0,0,0,0,no-pdf,,,"expert, no report",,0.0,0.0,0.0,0.0,0.0,0.0,0.0,0.0,0.0,0.0,0.0,0.0,0.0,0.0,0.0,0.0,78,78
79,c3490cfc-bcf2-38a2-a8c1-2d50ba65c83e,"Cement ZN, D, at plant",CH,flag,0.0,0.0,Climate change,0.0,0,0.0,0,0,0,drafted,S3,1.16,rebuilt: review and adopt,,0.0,0.0,0.0,0.0,0.0,0.0,0.0,0.0,0.0,0.0,0.0,0.0,0.0,0.0,0.0,0.0,79,79
80,3b6d410c-d17d-38b4-a565-03563970a936,"Cross-laminted timber, PUR-bonded, packed, at plant, with resource correction",CH,flag,0.0,0.0,Climate change,0.0,0,0.0,0,0,0,no-pdf,,,"expert, no report",,0.0,0.0,0.0,0.0,0.0,0.0,0.0,0.0,0.0,0.0,0.0,0.0,0.0,0.0,0.0,0.0,80,80
81,6860a668-cc63-365e-a3c8-8ac94ccfbbd9,"Disposal, brick, filled with perlite",CH,flag,0.0,0.0,Climate change,0.0,0,0.0,0,0,0,no-pdf,,,"expert, no report",,0.0,0.0,0.0,0.0,0.0,0.0,0.0,0.0,0.0,0.0,0.0,0.0,0.0,0.0,0.0,0.0,81,81
82,c329609f-2f6e-34d1-9e38-3c8af2b43a09,"Disposal, building, window frame, aluminium, Wicline 75evo",CH,flag,0.0,0.0,Climate change,0.0,0,0.0,0,0,0,no-pdf,,,"expert, no report",,0.0,0.0,0.0,0.0,0.0,0.0,0.0,0.0,0.0,0.0,0.0,0.0,0.0,0.0,0.0,0.0,82,82
83,d194cc0d-c3f6-49e9-9694-edbc775d3d58,"Disposal, building, window frame, wood, opaquely painted, Baumgartner, wall opening, to final disposal",CH,flag,0.0,0.0,Climate change,0.0,0,0.0,0,0,0,no-pdf,,,"expert, no report",,0.0,0.0,0.0,0.0,0.0,0.0,0.0,0.0,0.0,0.0,0.0,0.0,0.0,0.0,0.0,0.0,83,83
84,e07cc654-6748-44cc-95bd-6c197a919a64,"Disposal, building, window frame, wood-metal, opaquely painted, Baumgartner, wall opening, to final disposal",CH,flag,0.0,0.0,Climate change,0.0,0,0.0,0,0,0,no-pdf,,,"expert, no report",,0.0,0.0,0.0,0.0,0.0,0.0,0.0,0.0,0.0,0.0,0.0,0.0,0.0,0.0,0.0,0.0,84,84
85,b3520083-2e0d-3af9-92ab-37a107aefad2,"Disposal, flax insulation",CH,flag,0.0,0.0,Climate change,0.0,0,0.0,0,0,0,no-pdf,,,"expert, no report",,0.0,0.0,0.0,0.0,0.0,0.0,0.0,0.0,0.0,0.0,0.0,0.0,0.0,0.0,0.0,0.0,85,85
86,ed5c2271-7ad0-35a8-b6fd-b84e2a130f4d,"Disposal, hemp lime concrete",CH,flag,0.0,0.0,Climate change,0.0,0,0.0,0,0,0,no-pdf,,,"expert, no report",,0.0,0.0,0.0,0.0,0.0,0.0,0.0,0.0,0.0,0.0,0.0,0.0,0.0,0.0,0.0,0.0,86,86
87,0e5b1b3f-e47a-31e0-b204-9fc58e3e7120,"Disposal, rammed earth wall",CH,flag,0.0,0.0,Climate change,0.0,0,0.0,0,0,0,no-pdf,,,"expert, no report",,0.0,0.0,0.0,0.0,0.0,0.0,0.0,0.0,0.0,0.0,0.0,0.0,0.0,0.0,0.0,0.0,87,87
88,241477dc-65fc-319a-80d3-37090983f81a,"Disposal, rock wool, Flumroc, at plant",CH,flag,0.0,0.0,Climate change,0.0,0,0.0,0,0,0,no-pdf,,,"expert, no report",,0.0,0.0,0.0,0.0,0.0,0.0,0.0,0.0,0.0,0.0,0.0,0.0,0.0,0.0,0.0,0.0,88,88
89,cbf206bd-8545-3972-bdb7-4539d8fff72d,Fireproof product,BE,flag,0.0,0.0,Climate change,0.0,0,0.0,0,0,0,no-pdf,,,"expert, no report",,0.0,0.0,0.0,0.0,0.0,0.0,0.0,0.0,0.0,0.0,0.0,0.0,0.0,0.0,0.0,0.0,89,89
90,615007ea-c23a-3883-87e0-c70a80cb15ea,Fireproofed flax tows from scutching,BE,flag,0.0,0.0,Climate change,0.0,0,0.0,0,0,0,no-pdf,,,"expert, no report",,0.0,0.0,0.0,0.0,0.0,0.0,0.0,0.0,0.0,0.0,0.0,0.0,0.0,0.0,0.0,0.0,90,90
91,0ed161a7-0fe7-35eb-8a90-ab50a100ac7d,"Fireproofed jute fibers, recycled",BE,flag,0.0,0.0,Climate change,0.0,0,0.0,0,0,0,no-pdf,,,"expert, no report",,0.0,0.0,0.0,0.0,0.0,0.0,0.0,0.0,0.0,0.0,0.0,0.0,0.0,0.0,0.0,0.0,91,91
92,a40c841b-2f93-3356-bbc3-c7e80c32e8b2,"Flax culture, flax seeds",FR,flag,0.0,0.0,Climate change,0.0,0,0.0,0,0,0,no-pdf,,,"expert, no report",,0.0,0.0,0.0,0.0,0.0,0.0,0.0,0.0,0.0,0.0,0.0,0.0,0.0,0.0,0.0,0.0,92,92
93,ccf251da-b0ba-3978-a393-ff59629e8732,"Flax culture, flax straw",FR,flag,0.0,0.0,Climate change,0.0,0,0.0,0,0,0,no-pdf,,,"expert, no report",,0.0,0.0,0.0,0.0,0.0,0.0,0.0,0.0,0.0,0.0,0.0,0.0,0.0,0.0,0.0,0.0,93,93
94,3f7a8f51-30be-33fb-8062-8bcdfe305833,"Flax insulation, at plant",CH,flag,0.0,0.0,Climate change,0.0,0,0.0,0,0,0,no-pdf,,,"expert, no report",,0.0,0.0,0.0,0.0,0.0,0.0,0.0,0.0,0.0,0.0,0.0,0.0,0.0,0.0,0.0,0.0,94,94
95,1dde3a89-6123-3c70-aebd-25d06f726f26,"Flax insulation, at regional storage",CH,flag,0.0,0.0,Climate change,0.0,0,0.0,0,0,0,no-pdf,,,"expert, no report",,0.0,0.0,0.0,0.0,0.0,0.0,0.0,0.0,0.0,0.0,0.0,0.0,0.0,0.0,0.0,0.0,95,95
96,63edaf72-6c34-3461-bcfd-c06dd52a8fec,"Flax insulation, fireproofed, at plant",CH,flag,0.0,0.0,Climate change,0.0,0,0.0,0,0,0,no-pdf,,,"expert, no report",,0.0,0.0,0.0,0.0,0.0,0.0,0.0,0.0,0.0,0.0,0.0,0.0,0.0,0.0,0.0,0.0,96,96
97,1b03f99a-a91c-32a3-8c0b-a58031ec781f,"Flax insulation, fireproofed, at regional storage",CH,flag,0.0,0.0,Climate change,0.0,0,0.0,0,0,0,no-pdf,,,"expert, no report",,0.0,0.0,0.0,0.0,0.0,0.0,0.0,0.0,0.0,0.0,0.0,0.0,0.0,0.0,0.0,0.0,97,97
98,c493e480-fb99-3ea8-b9d9-bb15a9cd76d1,"Flax straw scutching, long fibers",FR,flag,0.0,0.0,Climate change,0.0,0,0.0,0,0,0,no-pdf,,,"expert, no report",,0.0,0.0,0.0,0.0,0.0,0.0,0.0,0.0,0.0,0.0,0.0,0.0,0.0,0.0,0.0,0.0,98,98
99,37bd8a07-89d4-3f9d-8fb9-eaf7c74c2b5a,"Flax straw scutching, seeds for fodder",FR,flag,0.0,0.0,Climate change,0.0,0,0.0,0,0,0,no-pdf,,,"expert, no report",,0.0,0.0,0.0,0.0,0.0,0.0,0.0,0.0,0.0,0.0,0.0,0.0,0.0,0.0,0.0,0.0,99,99
100,f4eff67a-49f5-3c1d-bd6e-711e0cad54f5,"Flax straw scutching, shives",FR,flag,0.0,0.0,Climate change,0.0,0,0.0,0,0,0,no-pdf,,,"expert, no report",,0.0,0.0,0.0,0.0,0.0,0.0,0.0,0.0,0.0,0.0,0.0,0.0,0.0,0.0,0.0,0.0,100,100
101,7cd79b1c-82eb-3ed3-bbce-d72c0ed09f79,"Flax straw scutching, tows from scutching",FR,flag,0.0,0.0,Climate change,0.0,0,0.0,0,0,0,no-pdf,,,"expert, no report",,0.0,0.0,0.0,0.0,0.0,0.0,0.0,0.0,0.0,0.0,0.0,0.0,0.0,0.0,0.0,0.0,101,101
102,a05e1447-7685-3530-827e-fe68feefb234,"Glass wool mat, bio-based binder ISOVER, at plant",CH,flag,0.0,0.0,Climate change,0.0,0,0.0,0,0,0,pages-not-found,,,"expert, with report",,0.0,0.0,0.0,0.0,0.0,0.0,0.0,0.0,0.0,0.0,0.0,0.0,0.0,0.0,0.0,0.0,102,102
103,29e55a65-0712-3810-850e-0bf7e902b6f9,"Glass wool, Supafil, at regional storage",CH,flag,0.0,0.0,Climate change,0.0,0,0.0,0,0,0,no-pdf,,,"expert, no report",,0.0,0.0,0.0,0.0,0.0,0.0,0.0,0.0,0.0,0.0,0.0,0.0,0.0,0.0,0.0,0.0,103,103
104,15a37765-e179-30c4-9256-6c8f951b530f,"Hemp culture, hemp seeds",FR,flag,0.0,0.0,Climate change,0.0,0,0.0,0,0,0,no-pdf,,,"expert, no report",,0.0,0.0,0.0,0.0,0.0,0.0,0.0,0.0,0.0,0.0,0.0,0.0,0.0,0.0,0.0,0.0,104,104
105,59b63f91-98d6-3cb4-9d30-ecb7a381bfc2,"Hemp culture, hemp straw",FR,flag,0.0,0.0,Climate change,0.0,0,0.0,0,0,0,no-pdf,,,"expert, no report",,0.0,0.0,0.0,0.0,0.0,0.0,0.0,0.0,0.0,0.0,0.0,0.0,0.0,0.0,0.0,0.0,105,105
106,b6c4df10-70fb-3247-86e8-062d5c9a1934,"Hemp lime concrete, at building site",CH,flag,0.0,0.0,Climate change,0.0,0,0.0,0,0,0,no-pdf,,,"expert, no report",,0.0,0.0,0.0,0.0,0.0,0.0,0.0,0.0,0.0,0.0,0.0,0.0,0.0,0.0,0.0,0.0,106,106
107,64e926e8-dd48-3704-b902-daaf546087c4,"Hemp lime concrete, at regional storage",CH,flag,0.0,0.0,Climate change,0.0,0,0.0,0,0,0,no-pdf,,,"expert, no report",,0.0,0.0,0.0,0.0,0.0,0.0,0.0,0.0,0.0,0.0,0.0,0.0,0.0,0.0,0.0,0.0,107,107
108,f33d1ed4-123b-3d4c-a52d-1482f7ab1117,"Hemp straw scutching, dusts",FR,flag,0.0,0.0,Climate change,0.0,0,0.0,0,0,0,no-pdf,,,"expert, no report",,0.0,0.0,0.0,0.0,0.0,0.0,0.0,0.0,0.0,0.0,0.0,0.0,0.0,0.0,0.0,0.0,108,108
109,8e2c534d-a7df-3c27-bdc7-7aa413cb8d6e,"Hemp straw scutching, fibers",FR,flag,0.0,0.0,Climate change,0.0,0,0.0,0,0,0,no-pdf,,,"expert, no report",,0.0,0.0,0.0,0.0,0.0,0.0,0.0,0.0,0.0,0.0,0.0,0.0,0.0,0.0,0.0,0.0,109,109
110,4837f31d-4e9b-37c7-8965-3ec5f35228fd,"Hemp straw scutching, hurds",FR,flag,0.0,0.0,Climate change,0.0,0,0.0,0,0,0,no-pdf,,,"expert, no report",,0.0,0.0,0.0,0.0,0.0,0.0,0.0,0.0,0.0,0.0,0.0,0.0,0.0,0.0,0.0,0.0,110,110
111,b63735ed-5fe7-3b2a-9552-ae0269a2125c,"Jute fibers, recycled",FR,flag,0.0,0.0,Climate change,0.0,0,0.0,0,0,0,no-pdf,,,"expert, no report",,0.0,0.0,0.0,0.0,0.0,0.0,0.0,0.0,0.0,0.0,0.0,0.0,0.0,0.0,0.0,0.0,111,111
112,67a9453e-aca5-304a-83b0-f9e4bef2c44a,"Production, washing machine, V-ZUG",CH,flag,0.0,0.0,Climate change,0.0,0,0.0,0,0,0,no-pdf,,,"expert, no report",,0.0,0.0,0.0,0.0,0.0,0.0,0.0,0.0,0.0,0.0,0.0,0.0,0.0,0.0,0.0,0.0,112,112
113,dab0fa22-ba8d-34a9-b594-c980886b0b14,"Pyrolysis gasoline, production mix, at plant",RER,flag,0.0,0.0,Climate change,0.0,0,0.0,0,0,1,pages-not-found,,,"expert, with report",,0.0,0.0,0.0,0.0,0.0,0.0,0.0,0.0,0.0,0.0,0.0,0.0,0.0,0.0,0.0,0.0,113,113
114,62f1ccfe-ee89-3659-b721-87c3f20f11ac,"Rammed earth wall, at building site",CH,flag,0.0,0.0,Climate change,0.0,0,0.0,0,0,0,no-pdf,,,"expert, no report",,0.0,0.0,0.0,0.0,0.0,0.0,0.0,0.0,0.0,0.0,0.0,0.0,0.0,0.0,0.0,0.0,114,114
115,c0b6a4f8-9148-3d78-b9c7-5992f47e0e10,"Rammed earth wall, earth extraction",CH,flag,0.0,0.0,Climate change,0.0,0,0.0,0,0,0,no-pdf,,,"expert, no report",,0.0,0.0,0.0,0.0,0.0,0.0,0.0,0.0,0.0,0.0,0.0,0.0,0.0,0.0,0.0,0.0,115,115
116,1dffb1b6-8264-3d87-960f-29b4c3c1e20b,"Rectangular straw bale, baling and loading bales",CH,flag,0.0,0.0,Climate change,0.0,0,0.0,0,0,0,no-pdf,,,"expert, no report",,0.0,0.0,0.0,0.0,0.0,0.0,0.0,0.0,0.0,0.0,0.0,0.0,0.0,0.0,0.0,0.0,116,116
117,d08fb1ff-df78-3970-a21e-d13261fe9fac,"Rectangular straw bale, straw cultivation",CH,flag,0.0,0.0,Climate change,0.0,0,0.0,0,0,0,no-pdf,,,"expert, no report",,0.0,0.0,0.0,0.0,0.0,0.0,0.0,0.0,0.0,0.0,0.0,0.0,0.0,0.0,0.0,0.0,117,117
118,52078a01-3225-3d5e-b2b3-eca820457f2e,"Rock wool, Flumroc, at plant",CH,flag,0.0,0.0,Climate change,0.0,0,0.0,0,0,0,no-pdf,,,"expert, no report",,0.0,0.0,0.0,0.0,0.0,0.0,0.0,0.0,0.0,0.0,0.0,0.0,0.0,0.0,0.0,0.0,118,118
119,5251f6da-beee-3027-9754-fa56fc94c7c6,"Rock wool, Flumroc, import, at plant",RER,flag,0.0,0.0,Climate change,0.0,0,0.0,0,0,0,no-pdf,,,"expert, no report",,0.0,0.0,0.0,0.0,0.0,0.0,0.0,0.0,0.0,0.0,0.0,0.0,0.0,0.0,0.0,0.0,119,119
120,99ff12a4-23dd-36aa-a1e3-49e3a954539b,"Rock wool, Flumroc, packed, at plant",CH,flag,0.0,0.0,Climate change,0.0,0,0.0,0,0,0,no-pdf,,,"expert, no report",,0.0,0.0,0.0,0.0,0.0,0.0,0.0,0.0,0.0,0.0,0.0,0.0,0.0,0.0,0.0,0.0,120,120
121,475c916f-6080-33fb-ab55-6370a4c5fdb0,"Sodium perborate, monohydrate, powder, at plant",RER,flag,0.0,0.0,Climate change,0.0,0,0.0,0,0,0,pages-not-found,,,"expert, with report",,0.0,0.0,0.0,0.0,0.0,0.0,0.0,0.0,0.0,0.0,0.0,0.0,0.0,0.0,0.0,0.0,121,121
122,33c61a93-f37a-3203-9d0d-dad895dc69a3,"Sodium percarbonate, powder, at plant",RER,flag,0.0,0.0,Climate change,0.0,0,0.0,0,0,0,pages-not-found,,,"expert, with report",,0.0,0.0,0.0,0.0,0.0,0.0,0.0,0.0,0.0,0.0,0.0,0.0,0.0,0.0,0.0,0.0,122,122
123,3b62ceeb-bbd2-35c6-b2e8-ea59f71d7690,Washing machine,CH,flag,0.0,0.0,Climate change,0.0,0,0.0,0,0,0,no-pdf,,,"expert, no report",,0.0,0.0,0.0,0.0,0.0,0.0,0.0,0.0,0.0,0.0,0.0,0.0,0.0,0.0,0.0,0.0,123,123
124,3a8c93a3-f89e-30d6-8203-ee0ead9dbfff,"Window frame, aluminium, Hydro, Circal, Wicline 75evo, U=1.2W/m2K, at regional storage",CH,flag,0.0,0.0,Climate change,0.0,0,0.0,0,0,0,no-pdf,,,"expert, no report",,0.0,0.0,0.0,0.0,0.0,0.0,0.0,0.0,0.0,0.0,0.0,0.0,0.0,0.0,0.0,0.0,124,124
125,74915c71-54fa-3aa1-b27b-c6d86c00acea,"Window frame, wood, opaquely painted, U=1.0 W/m2K, Baumgartner, wall opening, at plant",CH,flag,0.0,0.0,Climate change,0.0,0,0.0,0,0,0,no-pdf,,,"expert, no report",,0.0,0.0,0.0,0.0,0.0,0.0,0.0,0.0,0.0,0.0,0.0,0.0,0.0,0.0,0.0,0.0,125,125
126,a525830f-1696-3c3d-9e5e-93419c206be6,"Window frame, wood-metal, opaquely painted, U=1.0 W/m2K, Baumgartner, wall opening, at plant",CH,flag,0.0,0.0,Climate change,0.0,0,0.0,0,0,0,no-pdf,,,"expert, no report",,0.0,0.0,0.0,0.0,0.0,0.0,0.0,0.0,0.0,0.0,0.0,0.0,0.0,0.0,0.0,0.0,126,126
127,1b7a81dc-1797-3c93-ae60-f239501da3c3,"Wood preservative, organic salt, Cr-free, at plant",RER,flag,0.0,0.0,Climate change,0.0,0,0.0,0,0,0,drafted,S3,0.06,rebuilt: expert revision,,0.0,0.0,0.0,0.0,0.0,0.0,0.0,0.0,0.0,0.0,0.0,0.0,0.0,0.0,0.0,0.0,127,127
128,c3604814-e4ea-34f4-b598-79591fbf1483,"xx Layered sodium silicate, SKS-6, powder, at plant",RER,flag,0.0,0.0,Climate change,0.0,0,0.0,0,0,0,pages-not-found,,,"expert, with report",,0.0,0.0,0.0,0.0,0.0,0.0,0.0,0.0,0.0,0.0,0.0,0.0,0.0,0.0,0.0,0.0,128,128
129,ddefdbda-3a45-39fc-84ad-17c4c7bdc3f9,"xx Packaging glass, brown, at plant",CH,flag,0.0,0.0,Climate change,0.0,0,0.0,0,0,0,pages-not-found,S2,1.04,rebuilt: review and adopt,,0.0,0.0,0.0,0.0,0.0,0.0,0.0,0.0,0.0,0.0,0.0,0.0,0.0,0.0,0.0,0.0,129,129
130,a66b5e9d-fce8-3d9d-afc4-8c422a9b9410,"xx Packaging glass, brown, at regional storage",CH,flag,0.0,0.0,Climate change,0.0,0,0.0,0,0,0,pages-not-found,S3,0.93,rebuilt: review and adopt,,0.0,0.0,0.0,0.0,0.0,0.0,0.0,0.0,0.0,0.0,0.0,0.0,0.0,0.0,0.0,0.0,130,130
131,b3da2a0c-5179-317d-8f16-84285a50248f,"xx Packaging glass, green, at plant",CH,flag,0.0,0.0,Climate change,0.0,0,0.0,0,0,0,pages-not-found,S2,1.31,rebuilt: expert revision,,0.0,0.0,0.0,0.0,0.0,0.0,0.0,0.0,0.0,0.0,0.0,0.0,0.0,0.0,0.0,0.0,131,131
132,fdbb581d-5d5c-31e2-ab83-aaa51229114d,"xx Packaging glass, green, at regional storage",CH,flag,0.0,0.0,Climate change,0.0,0,0.0,0,0,0,pages-not-found,S3,1.06,rebuilt: review and adopt,,0.0,0.0,0.0,0.0,0.0,0.0,0.0,0.0,0.0,0.0,0.0,0.0,0.0,0.0,0.0,0.0,132,132
133,22f39631-187e-3cce-b067-be74006bb52a,"xx Packaging glass, white, at plant",CH,flag,0.0,0.0,Climate change,0.0,0,0.0,0,0,0,drafted,S2,1.25,rebuilt: expert revision,,0.0,0.0,0.0,0.0,0.0,0.0,0.0,0.0,0.0,0.0,0.0,0.0,0.0,0.0,0.0,0.0,133,133
134,6d36bf06-a935-397b-871f-5da5b0b79b0b,"xx Packaging glass, white, at regional storage",CH,flag,0.0,0.0,Climate change,0.0,0,0.0,0,0,0,pages-not-found,S3,1.02,rebuilt: review and adopt,,0.0,0.0,0.0,0.0,0.0,0.0,0.0,0.0,0.0,0.0,0.0,0.0,0.0,0.0,0.0,0.0,134,134
135,69fc38b9-c577-3cb3-b1d2-dd37d22c46df,"xx Acetone cyanohydrin, at plant",RER,structure,0.0,0.0,Climate change,0.0,0,0.0,0,0,0,pages-not-found,S3,0.9,rebuilt: review and adopt,,0.0,0.0,0.0,0.0,0.0,0.0,0.0,0.0,0.0,0.0,0.0,0.0,0.0,0.0,0.0,0.0,135,135
136,ada054d4-788d-3c16-aefb-e280c49a807b,"xx Ethylene, pipeline system, at plant",RER,structure,0.0,0.0,Climate change,0.0,0,0.0,0,0,0,pages-not-found,,,"expert, with report",,0.0,0.0,0.0,0.0,0.0,0.0,0.0,0.0,0.0,0.0,0.0,0.0,0.0,0.0,0.0,0.0,136,136
137,ebb59715-41fd-36c1-81c1-70ee260e240e,"xx Nylon 6, glass-filled, at plant",RER,structure,0.0,0.0,Climate change,0.0,0,0.0,0,0,0,pages-not-found,S3,1.04,rebuilt: review and adopt,,0.0,0.0,0.0,0.0,0.0,0.0,0.0,0.0,0.0,0.0,0.0,0.0,0.0,0.0,0.0,0.0,137,137
138,62ed2669-7c6d-3924-abd3-39bd842f5207,"xx Propylene, pipeline system, at plant",RER,structure,0.0,0.0,Climate change,0.0,0,0.0,0,0,0,pages-not-found,,,"expert, with report",,0.0,0.0,0.0,0.0,0.0,0.0,0.0,0.0,0.0,0.0,0.0,0.0,0.0,0.0,0.0,0.0,138,138
