family,code,name,location,unit,bafu_category,n_technosphere_inputs,n_elementary_flows,n_used_by,unit_sibling,generator,source,source_2,data_entry,data_generator,validator,sampling_procedure,representativeness_pct,time_period
plasticseurope,6738f024-eb64-3ef8-837e-05b84c6e43da,"Polyethylene, HDPE, granulate, at plant",RER,kg,plastics / thermoplasts,17,424,533,,EcoInvent Excel2EcoSpold 1.9.18,"PlasticsEurope, Brussels | 2012 | Eco-profiles and Environmental Product Declarations of the European Plastics Manufacturers: Ethylene, Propylene, Butadiene, Pyrolysis Gasoline, Ethylene Oxide (EO), Ethylene Glycols (MEG, DEG, TEG)",ESU-services Ltd. | 2025 | 2025 - LCI plastics - Rajabihamedani,Sara Rajabi [ESU/CH],Christoph Meili [ESU/CH],Niels Jungbluth [ESU/CH],Questionnaires sent out to all production units in Europe operated by PlasticEurope member companies.,68.3,2011-2023
plasticseurope,09cda8b1-b652-39b2-8761-c93aecc29f70,"Polypropylene, granulate, at plant",RER,kg,plastics / thermoplasts,17,423,173,,EcoInvent Excel2EcoSpold 1.9.18,"PlasticsEurope, Brussels | 2012 | Eco-profiles and Environmental Product Declarations of the European Plastics Manufacturers: Ethylene, Propylene, Butadiene, Pyrolysis Gasoline, Ethylene Oxide (EO), Ethylene Glycols (MEG, DEG, TEG)",ESU-services Ltd. | 2025 | 2025 - LCI plastics - Rajabihamedani,Sara Rajabi [ESU/CH],Christoph Meili [ESU/CH],Niels Jungbluth [ESU/CH],Questionnaires sent out to all production units in Europe operated by PlasticEurope member companies.,76.7,2011-2023
plasticseurope,c4dbbb99-22d0-37c1-8cc7-fc5a8c64329b,"Polyethylene, LDPE, granulate, at plant",RER,kg,plastics / thermoplasts,16,425,122,,EcoInvent Excel2EcoSpold 1.9.18,"PlasticsEurope, Brussels | 2012 | Eco-profiles and Environmental Product Declarations of the European Plastics Manufacturers: Ethylene, Propylene, Butadiene, Pyrolysis Gasoline, Ethylene Oxide (EO), Ethylene Glycols (MEG, DEG, TEG)",ESU-services Ltd. | 2025 | 2025 - LCI plastics - Rajabihamedani,Sara Rajabi [ESU/CH],Christoph Meili [ESU/CH],Niels Jungbluth [ESU/CH],Questionnaires sent out to all production units in Europe operated by PlasticEurope member companies.,72.3,2011-2023
plasticseurope,582ad303-7f18-3110-83c2-bccca0dc995f,"Ethylene glycol, at plant",RER,kg,chemicals / organic,8,361,76,,EcoInvent Excel2EcoSpold 1.9.18,"PlasticsEurope, Brussels | 2012 | Eco-profiles and Environmental Product Declarations of the European Plastics Manufacturers: Ethylene, Propylene, Butadiene, Pyrolysis Gasoline, Ethylene Oxide (EO), Ethylene Glycols (MEG, DEG, TEG)",ESU-services Ltd. | 2025 | 2025 - LCI plastics - Rajabihamedani,Sara Rajabi [ESU/CH],Christoph Meili [ESU/CH],Niels Jungbluth [ESU/CH],literature values based on European company surveys & European statistics,80.0,2008-2023
plasticseurope,298abdac-f564-358c-95a3-7a43418d2671,"Ethylene, average, at plant",RER,kg,chemicals / organic,8,361,72,,EcoInvent Excel2EcoSpold 1.9.18,"PlasticsEurope, Brussels | 2012 | Eco-profiles and Environmental Product Declarations of the European Plastics Manufacturers: Ethylene, Propylene, Butadiene, Pyrolysis Gasoline, Ethylene Oxide (EO), Ethylene Glycols (MEG, DEG, TEG)",ESU-services Ltd. | 2025 | 2025 - LCI plastics - Rajabihamedani,Sara Rajabi [ESU/CH],Christoph Meili [ESU/CH],Niels Jungbluth [ESU/CH],literature values based on European company surveys & European statistics,90.0,2008-2023
plasticseurope,a29aa0d5-9e37-34d7-8868-8a4fff95350a,"Xylene, at plant",RER,kg,chemicals / organic,8,361,41,,EcoInvent Excel2EcoSpold 1.9.18,"PlasticsEurope, Brussels | 2012 | Eco-profiles and Environmental Product Declarations of the European Plastics Manufacturers: Ethylene, Propylene, Butadiene, Pyrolysis Gasoline, Ethylene Oxide (EO), Ethylene Glycols (MEG, DEG, TEG)",ESU-services Ltd. | 2025 | 2025 - LCI plastics - Rajabihamedani,Sara Rajabi [ESU/CH],Christoph Meili [ESU/CH],Niels Jungbluth [ESU/CH],literature values based on European company surveys & European statistics,90.0,2008-2023
ecoinvent-v2-confidential,68bb95fd-1526-388c-a01a-50b8d99534b1,"Zeolite, powder, at plant",RER,kg,chemicals / washing agents\builders,0,1301,40,,openLCA,"Swiss Centre for LCI, Empa - TSL | 2007 | 2007 - LCI detergents - Zah",,Rainer Zah [?/CH],Rainer Zah [?/CH],Heiko Kunst [?/CH],"company data, average ",76,2000-01-2000-12
ecoinvent-v2-confidential,f5a22e0a-f55b-3639-86b9-85f999ea7c81,"Polycarboxylates, 40% active substance, at plant",RER,kg,chemicals / washing agents\builders,0,1301,35,,openLCA,"Swiss Centre for LCI, Empa - TSL | 2007 | 2007 - LCI detergents - Zah",,Rainer Zah [?/CH],Rainer Zah [?/CH],Heiko Kunst [?/CH],literature (data from one single producer) ,,2000-01-2000-12
ecoinvent-v2-confidential,68a626c2-facd-3f88-a5c2-b5cb15115739,"Carboxymethyl cellulose, powder, at plant",RER,kg,chemicals / washing agents\auxiliaries,0,1301,22,,openLCA,"Swiss Centre for LCI, Empa - TSL | 2007 | 2007 - LCI detergents - Zah",,Rainer Zah [?/CH],Rainer Zah [?/CH],Heiko Kunst [?/CH],company data ,,2000-01-2000-12
ecoinvent-v2-confidential,b242dd8f-393a-36a6-b974-436e78f905a2,"Latex, at plant",RER,kg,chemicals / others,0,1301,22,,openLCA,"Swiss Centre for LCI, Empa - TSL | 2007 | 2007 - LCI packagings and graphical papers - Hischier",,Roland Hischier [EMPA/CH],Roland Hischier [EMPA/CH],Mischa Classen [?/CH],literature values based on company survey ,75.7,2000-01-2000-12
ecoinvent-v2-confidential,7fa67971-6cbc-3549-9ef2-f518ff87e652,"Feldspar, at plant",RER,kg,minerals / unspecified,0,1301,15,,openLCA,"Swiss Centre for LCI, Empa - TSL | 2007 | 2007 - LCI packagings and graphical papers - Hischier",,Roland Hischier [EMPA/CH],Roland Hischier [EMPA/CH],Daniel Kellenberger [?/CH],Data based on filled in formulaire of one single company - expanded with general data for mining activities. ,,1993-01-1995-12
plasticseurope,05a10e4b-a919-33b6-b017-7c0bf7f7a7f9,"Polystyrene, expandable, at plant",RER,kg,plastics / thermoplasts,10,542,11,,EcoInvent Excel2EcoSpold 1.9.18,"PlasticsEurope, Brussels | 2012 | Eco-profiles and Environmental Product Declarations of the European Plastics Manufacturers: Ethylene, Propylene, Butadiene, Pyrolysis Gasoline, Ethylene Oxide (EO), Ethylene Glycols (MEG, DEG, TEG)",ESU-services Ltd. | 2025 | 2025 - LCI plastics - Rajabihamedani,Sara Rajabi [ESU/CH],Christoph Meili [ESU/CH],Niels Jungbluth [ESU/CH],European producers act as a main source of data for the production of white and grey EPS on the basis of a direct questionnaire. Primary data on gate-to-gate EPS production is derived from site specific information for processes under operational control supplied by the participating companies of this study. The data for the upstream supply chain until the precursors are taken from the database of the software system GaBi 6.,80.0,2010-2023
plasticseurope,48985f3e-97b4-3128-a1a8-a5ba91a1cb88,"Polyvinylchloride, suspension polymerised, at plant",RER,kg,plastics / thermoplasts,15,443,9,,EcoInvent Excel2EcoSpold 1.9.18,"PlasticsEurope, Brussels | 2012 | Eco-profiles and Environmental Product Declarations of the European Plastics Manufacturers: Ethylene, Propylene, Butadiene, Pyrolysis Gasoline, Ethylene Oxide (EO), Ethylene Glycols (MEG, DEG, TEG)",ESU-services Ltd. | 2025 | 2025 - LCI plastics - Rajabihamedani,Sara Rajabi [ESU/CH],Christoph Meili [ESU/CH],Niels Jungbluth [ESU/CH],Questionnaires sent out to all production units in Europe operated by ECVM member companies.,60.0,2014-2023
plasticseurope,df878822-0deb-3a59-a6b4-396d94a3b654,"Polyethylene, LLDPE, granulate, at plant",RER,kg,plastics / thermoplasts,17,422,7,,EcoInvent Excel2EcoSpold 1.9.18,"PlasticsEurope, Brussels | 2012 | Eco-profiles and Environmental Product Declarations of the European Plastics Manufacturers: Ethylene, Propylene, Butadiene, Pyrolysis Gasoline, Ethylene Oxide (EO), Ethylene Glycols (MEG, DEG, TEG)",ESU-services Ltd. | 2025 | 2025 - LCI plastics - Rajabihamedani,Sara Rajabi [ESU/CH],Christoph Meili [ESU/CH],Niels Jungbluth [ESU/CH],Questionnaires sent out to all production units in Europe operated by PlasticEurope member companies.,86.4,2011-2023
treeze-kbob,e62c6873-86bb-3307-9c80-efac91af8457,Cellulose fibres (injected) (isofloc 2012),CH,kg,construction materials / others,0,1407,6,,openLCA,treeze Ltd. | 2014 | 2014 - Update material data in KBOB list - Wyss,,Sybille Buesser [TREEZE/CH],Sybille Buesser [TREEZE/CH],Rolf Frischknecht [TREEZE/CH],company data ,,2012-01-2014-12
kbob-manufacturer,e33af7c7-9f40-3d65-8238-14602389c1a1,"Washing machine, at retailer",CH,p,private consumption / household devices,0,1654,4,,openLCA,Created for EcoSpold 1 compatibility,,default [?/?],default [?/?],Not reviewed [?/?],none,,2000-01-2000-12
ecoinvent-v2-confidential,daf2331c-b983-3d66-a43d-676900fd0d36,"Zeolite, slurry, 50% in H2O, at plant",RER,kg,chemicals / washing agents\builders,0,1301,4,,openLCA,"Swiss Centre for LCI, Empa - TSL | 2007 | 2007 - LCI detergents - Zah",,Rainer Zah [?/CH],Rainer Zah [?/CH],Heiko Kunst [?/CH],"company data, average ",76,2000-01-2000-12
kbob-manufacturer,c890ba9e-0af2-3f0c-bd1f-ebf25c2fdbc9,"Cellular glass aggregate, at regional storage",CH,kg,construction materials / misapor,0,1407,3,,openLCA,Created for EcoSpold 1 compatibility,,Philippe Stolz [TREEZE/CH],Philippe Stolz [TREEZE/CH],Philippe Stolz [TREEZE/CH],<null>,,9999-01-9999-12
ecoinvent-v2-confidential,bc92bf5a-94f5-3d3c-865f-278a6ba99440,"Titanium dioxide, chloride process, at plant",RER,kg,chemicals / inorganic,0,1301,3,,openLCA,"Swiss Centre for LCI, Empa - TSL, ETH, ESU-services Ltd., Chudacoff Oekoscience | 2007 | 2007 - LCI chemicals - Althaus",,Hans-Joerg Althaus [ECOEXISTENCE/CH],Mike Chudacoff [?/CH],Hans-Joerg Althaus [ECOEXISTENCE/CH],survey ,,2000-01-2000-12
kbob-manufacturer,0b997ad0-3360-3f80-a886-009e81fa3c33,"Cross-laminted timber, PUR-bonded, packed, at plant",CH,m3,wood / wooden materials\new processes\other material,0,1662,2,,openLCA,Created for EcoSpold 1 compatibility,,default [?/?],default [?/?],Not reviewed [?/?],none,,9999-01-9999-12
plasticseurope,015cd7db-8a64-3f0b-ba15-6ff81e3d1eb4,"Polyvinylchloride, emulsion polymerised, at plant",RER,kg,plastics / thermoplasts,15,441,2,,EcoInvent Excel2EcoSpold 1.9.18,"PlasticsEurope, Brussels | 2012 | Eco-profiles and Environmental Product Declarations of the European Plastics Manufacturers: Ethylene, Propylene, Butadiene, Pyrolysis Gasoline, Ethylene Oxide (EO), Ethylene Glycols (MEG, DEG, TEG)",ESU-services Ltd. | 2025 | 2025 - LCI plastics - Rajabihamedani,Sara Rajabi [ESU/CH],Christoph Meili [ESU/CH],Niels Jungbluth [ESU/CH],Questionnaires sent out to all production units in Europe operated by ECVM member companies.,83.0,2013-2023
ecoinvent-v2-confidential,7efdfea7-aedf-3844-b47e-1b07ea02dae7,"Sodium perborate, tetrahydrate, powder, at plant",RER,kg,chemicals / washing agents\bleaches,0,1301,2,,openLCA,"Swiss Centre for LCI, Empa - TSL | 2007 | 2007 - LCI detergents - Zah",,Rainer Zah [?/CH],Rainer Zah [?/CH],Heiko Kunst [?/CH],company data used for average  ,85,2000-01-2000-12
ecoinvent-v2-confidential,be501b1b-8393-3760-8658-39e93bcd6934,"Wood preservative, inorganic salt, containing Cr, at plant",RER,kg,chemicals / pesticides,0,1301,2,,openLCA,"Swiss Centre for LCI, Empa - TSL, ESU-services Ltd. | 2007 | 2007 - LCI wood as fuel and const. mat. - Werner",,Hans-Joerg Althaus [ECOEXISTENCE/CH],Hans-Joerg Althaus [ECOEXISTENCE/CH],Roberto Dones [?/CH],Literature ,,2000-01-2000-12
ecoinvent-v2-confidential,e6293140-cad8-32a8-81fc-64a059fd97ea,"Anthraquinone, at plant",RER,kg,chemicals / organic,0,1301,1,,openLCA,"Swiss Centre for LCI, Empa - TSL, ETH, ESU-services Ltd., Chudacoff Oekoscience | 2007 | 2007 - LCI chemicals - Althaus",,Roland Hischier [EMPA/CH],Roland Hischier [EMPA/CH],Heiko Kunst [?/CH],"The input of two of the ""raw materials"" is approximated by an input of the stoechiometric amounts needed for these raw materials, assuming a yield of 95% ",,2000-01-2000-12
treeze-kbob,d8ec4be3-c410-3806-98f5-a2ec5a284fee,"Burnt shale, at plant",DE,kg,construction materials / concrete,0,1659,1,,openLCA,treeze Ltd. | 2020 | 2020 - LCA selected types of concrete - Tschuemperlin,,Frank Werner [U+E/CH],default [?/?],Frank Werner [U+E/CH],<null>,,2015-01-2015-12
ecoinvent-v2-confidential,6f509fd5-88e3-3e43-b96a-a91c2bace699,"Esters of versatic acid, at plant",RER,kg,chemicals / organic,0,1301,1,,openLCA,"Swiss Centre for LCI, Empa - TSL, ETH, ESU-services Ltd., Chudacoff Oekoscience | 2007 | 2007 - LCI chemicals - Althaus",,Hans-Joerg Althaus [ECOEXISTENCE/CH],Mike Chudacoff [?/CH],Hans-Joerg Althaus [ECOEXISTENCE/CH],survey ,,2000-01-2000-12
treeze-kbob,b3b66822-5c90-3dcd-aa2b-8a39dd2e5c10,"Glass wool mat, phenolic binder ISOVER, at plant",CH,kg,construction materials / others,0,1657,1,,openLCA,treeze Ltd. | 2020 | 2020 - LCA selected types of concrete - Tschuemperlin,,Frank Werner [U+E/CH],default [?/?],Frank Werner [U+E/CH],<null>,,9999-01-9999-12
treeze-kbob,f74423b2-f369-31e8-9f86-690eca53ab81,"Gypsum block, at plant",DE,m2,construction materials / gypsum materials,0,1415,1,,openLCA,"Buero fuer Umweltchemie, treeze Ltd. | 2016 | 2016 - Renewal and exp. of LCA data in KBOB - Kasser",,Daniel Savi [?/CH],Daniel Savi [?/CH],Daniel Savi [?/CH],<null>,,2000-01-2016-12
treeze-kbob,a061bf96-1dc6-3ab8-8dae-af476463276b,"Gypsum fibre board, at plant",DE,m2,construction materials / gypsum materials,0,1415,1,"Gypsum fibre board, at plant",openLCA,"Buero fuer Umweltchemie, treeze Ltd. | 2016 | 2016 - Renewal and exp. of LCA data in KBOB - Kasser",,Daniel Savi [?/CH],Daniel Savi [?/CH],Daniel Savi [?/CH],<null>,,2000-01-2016-12
treeze-kbob,ef0d6337-8fb9-3975-a5b8-3d0c34bffe0b,"Gypsum lime plaster, at plant",CH,kg,construction materials / plaster,0,1415,1,,openLCA,"Buero fuer Umweltchemie, treeze Ltd. | 2016 | 2016 - Renewal and exp. of LCA data in KBOB - Kasser",,Daniel Savi [?/CH],Daniel Savi [?/CH],Daniel Savi [?/CH],<null>,,2000-01-2016-12
treeze-kbob,909c9c24-8c69-3736-be51-699a03743352,"Gypsum plaster board, at plant",DE,m2,construction materials / gypsum materials,0,1415,1,"xx Gypsum plaster board, at plant",openLCA,"Buero fuer Umweltchemie, treeze Ltd. | 2016 | 2016 - Renewal and exp. of LCA data in KBOB - Kasser",,Daniel Savi [?/CH],Daniel Savi [?/CH],Daniel Savi [?/CH],"Sampling procedure: Data collection by producers. Average data provided by ""Bundesverband der Gipsindustrie e.V."" ",,2000-01-2016-12
treeze-kbob,9dde0e93-b9ef-3b8b-a6f8-0cff98a10f19,"Gypsum plaster, at plant",CH,kg,construction materials / plaster,0,1415,1,,openLCA,"Buero fuer Umweltchemie, treeze Ltd. | 2016 | 2016 - Renewal and exp. of LCA data in KBOB - Kasser",,Daniel Savi [?/CH],Daniel Savi [?/CH],Daniel Savi [?/CH],<null>,,2000-01-2016-12
ecoinvent-v2-confidential,efaba904-8105-36f4-960e-c01d962787eb,"Particle board, cement bonded, at plant",RER,m3,wood / products,0,1301,1,,openLCA,"Swiss Centre for LCI, Empa - TSL, ESU-services Ltd. | 2007 | 2007 - LCI wood as fuel and const. mat. - Werner",,Hans-Joerg Althaus [ECOEXISTENCE/CH],Hans-Joerg Althaus [ECOEXISTENCE/CH],Roberto Dones [?/CH],Literature ,,2000-01-2000-12
plasticseurope,c7af8832-9551-38fd-a628-363e6fc17c8e,"Polyethylene terephthalate, granulate, bottle grade, at plant",RER,kg,plastics / thermoplasts,1,393,1,,EcoInvent Excel2EcoSpold 1.9.18,"PlasticsEurope, Brussels | 2012 | Eco-profiles and Environmental Product Declarations of the European Plastics Manufacturers: Ethylene, Propylene, Butadiene, Pyrolysis Gasoline, Ethylene Oxide (EO), Ethylene Glycols (MEG, DEG, TEG)",ESU-services Ltd. | 2025 | 2025 - LCI plastics - Rajabihamedani,Sara Rajabi [ESU/CH],Christoph Meili [ESU/CH],Niels Jungbluth [ESU/CH],Questionnaires sent out to all production units in Europe operated by CPME member companies.,85.0,2015-2023
plasticseurope,bfff239d-8ae3-3730-a048-dffb312515f3,"Purified terephthalic acid, at plant",RER,kg,chemicals / acids (organic),16,383,1,,EcoInvent Excel2EcoSpold 1.9.18,"PlasticsEurope, Brussels | 2012 | Eco-profiles and Environmental Product Declarations of the European Plastics Manufacturers: Ethylene, Propylene, Butadiene, Pyrolysis Gasoline, Ethylene Oxide (EO), Ethylene Glycols (MEG, DEG, TEG)",ESU-services Ltd. | 2025 | 2025 - LCI plastics - Rajabihamedani,Sara Rajabi [ESU/CH],Christoph Meili [ESU/CH],Niels Jungbluth [ESU/CH],Questionnaires sent out to all participating production units in Europe,79.0,2012-2023
kbob-manufacturer,75202015-6030-3e3e-8f9e-a424e2b13030,"Render carrier board, cement bound, at plant",DE,m2,construction materials / plaster base,0,1415,1,,openLCA,Created for EcoSpold 1 compatibility,,Daniel Savi [?/CH],Daniel Savi [?/CH],Daniel Savi [?/CH],<null>,,2000-01-2016-12
ecoinvent-v2-confidential,f29ea928-dad4-33fe-ac09-33391c25e0ae,"Titanium dioxide at plant, sulphate process, at plant",RER,kg,chemicals / inorganic,0,1301,1,,openLCA,"Swiss Centre for LCI, Empa - TSL, ETH, ESU-services Ltd., Chudacoff Oekoscience | 2007 | 2007 - LCI chemicals - Althaus",,Hans-Joerg Althaus [ECOEXISTENCE/CH],Mike Chudacoff [?/CH],Hans-Joerg Althaus [ECOEXISTENCE/CH],survey ,,2000-01-2000-12
plasticseurope,99a93e93-a8a8-34f3-88f3-6af0c21c4762,"Vinyl chloride, at plant",RER,kg,chemicals / organic,14,438,1,,EcoInvent Excel2EcoSpold 1.9.18,"PlasticsEurope, Brussels | 2012 | Eco-profiles and Environmental Product Declarations of the European Plastics Manufacturers: Ethylene, Propylene, Butadiene, Pyrolysis Gasoline, Ethylene Oxide (EO), Ethylene Glycols (MEG, DEG, TEG)",ESU-services Ltd. | 2025 | 2025 - LCI plastics - Rajabihamedani,Sara Rajabi [ESU/CH],Christoph Meili [ESU/CH],Niels Jungbluth [ESU/CH],Questionnaires sent out to all production units in Europe operated by ECVM member companies.,71.0,2013-2023
ecoinvent-v2-confidential,2b7663df-e40b-3aa9-b7ee-2ae098409a40,"xxx Wood wool boards, cement bonded, at plant",RER,m3,"material, obsolete / wood, obsolete\products, obsolete",0,1301,1,"Wood wool boards, cement bonded, at plant",openLCA,"Swiss Centre for LCI, Empa - TSL, ESU-services Ltd. | 2007 | 2007 - LCI wood as fuel and const. mat. - Werner",,Hans-Joerg Althaus [ECOEXISTENCE/CH],Hans-Joerg Althaus [ECOEXISTENCE/CH],Roberto Dones [?/CH],"Literature, personal communication ",,2000-01-2000-12
kbob-manufacturer,4b4cdbb7-1edb-3e1c-a7c0-53a5bb19d516,"Aluminium profile, uncoated, Hydro Building Systems, Circal, at regional storage",CH,kg,construction materials / others,0,1658,0,,openLCA,Created for EcoSpold 1 compatibility,,Philippe Stolz [TREEZE/CH],Philippe Stolz [TREEZE/CH],Philippe Stolz [TREEZE/CH],Data survey at SAPA Building Systems AG. ,,2011-01-2018-12
french-biobased,870170e5-b0d0-366a-9834-36a087cbff08,Assembled formwork,CH,m2,construction materials / rammed earth wall,0,1655,0,,openLCA,2022 | Rapport méthodologique d'analyse du cycle de vie pour le mur en pisé,,Sébastien Lasvaux [HEIG/CH],Sébastien Lasvaux [HEIG/CH],Sébastien Lasvaux [HEIG/CH],<null>,,9999-01-9999-12
kbob-manufacturer,9ce2128d-aab2-3a73-9b1d-a9c69d037fe2,"Basalt, Flumroc, at mine",CH,kg,minerals / other material,0,1653,0,,openLCA,Created for EcoSpold 1 compatibility,,default [?/?],default [?/?],Not reviewed [?/?],none,,2009-01-2011-12
kbob-manufacturer,6cb6413f-4964-3e85-9d89-52de95510ec5,"Brick, filled with perlite, at regional storage",CH,kg,construction materials / bricks,0,1657,0,,openLCA,Created for EcoSpold 1 compatibility,,Annika Messmer [TREEZE/CH],Annika Messmer [TREEZE/CH],Annika Messmer [TREEZE/CH],<null>,,2014-01-2015-12
kbob-manufacturer,18a506a4-5e50-30a7-90c5-ed4132eb7937,"Briquette, Flumroc, at plant",CH,kg,construction / others,0,1653,0,,openLCA,Created for EcoSpold 1 compatibility,,default [?/?],default [?/?],Not reviewed [?/?],none,,2008-01-2011-12
kbob-manufacturer,bec8f889-cb7d-3f89-b202-b210c324c37e,"Cellular glass aggregate Misapor, at plant",CH,kg,construction materials / misapor,0,1407,0,,openLCA,Created for EcoSpold 1 compatibility,,Matthias Klingler [?/CH],Matthias Klingler [?/CH],Matthias Klingler [?/CH],<null>,,2000-01-2016-12
treeze-kbob,c3490cfc-bcf2-38a2-a8c1-2d50ba65c83e,"Cement ZN, D, at plant",CH,kg,construction materials / binder,0,1659,0,,openLCA,treeze Ltd. | 2020 | 2020 - LCA selected types of concrete - Tschuemperlin,,Frank Werner [U+E/CH],default [?/?],Frank Werner [U+E/CH],<null>,,2018-01-2018-12
kbob-manufacturer,3b6d410c-d17d-38b4-a565-03563970a936,"Cross-laminted timber, PUR-bonded, packed, at plant, with resource correction",CH,m3,wood / wooden materials\new processes\other material,0,1663,0,,openLCA,Created for EcoSpold 1 compatibility,,default [?/?],default [?/?],Not reviewed [?/?],none,,9999-01-9999-12
kbob-manufacturer,6860a668-cc63-365e-a3c8-8ac94ccfbbd9,"Disposal, brick, filled with perlite",CH,kg,construction materials / bricks,0,1657,0,,openLCA,Created for EcoSpold 1 compatibility,,Annika Messmer [TREEZE/CH],Annika Messmer [TREEZE/CH],Annika Messmer [TREEZE/CH],<null>,,2014-01-2015-12
kbob-manufacturer,c329609f-2f6e-34d1-9e38-3c8af2b43a09,"Disposal, building, window frame, aluminium, Wicline 75evo",CH,m2,building components / windows,0,1655,0,,openLCA,Created for EcoSpold 1 compatibility,,Philippe Stolz [TREEZE/CH],Philippe Stolz [TREEZE/CH],Philippe Stolz [TREEZE/CH],Data survey at SAPA Building Systems AG. ,,2011-01-2018-12
kbob-manufacturer,d194cc0d-c3f6-49e9-9694-edbc775d3d58,"Disposal, building, window frame, wood, opaquely painted, Baumgartner, wall opening, to final disposal",CH,m2,waste management / building demolition,0,1655,0,,openLCA,Created for EcoSpold 1 compatibility,,Luana Krebs [TREEZE/CH],Luana Krebs [TREEZE/CH],Luana Krebs [TREEZE/CH],Data survey at window manufacturer Baumgartner in Switzerland. ,,2018-01-2019-12
kbob-manufacturer,e07cc654-6748-44cc-95bd-6c197a919a64,"Disposal, building, window frame, wood-metal, opaquely painted, Baumgartner, wall opening, to final disposal",CH,m2,waste management / building demolition,0,1657,0,,openLCA,Created for EcoSpold 1 compatibility,,Luana Krebs [TREEZE/CH],Luana Krebs [TREEZE/CH],Luana Krebs [TREEZE/CH],Data survey at window manufacturer Baumgartner in Switzerland. ,,2018-01-2019-12
french-biobased,b3520083-2e0d-3af9-92ab-37a107aefad2,"Disposal, flax insulation",CH,kg,construction materials / flax insulation,0,1655,0,,openLCA,2022 | Rapport méthodologique d'ACV pour l'isolation à base de lin,,Sébastien Lasvaux [HEIG/CH],Sébastien Lasvaux [HEIG/CH],Sébastien Lasvaux [HEIG/CH],<null>,,9999-01-9999-12
french-biobased,ed5c2271-7ad0-35a8-b6fd-b84e2a130f4d,"Disposal, hemp lime concrete",CH,kg,construction materials / hemp lime concrete,0,1655,0,,openLCA,2022 | Rapport méthodologique d'ACV du béton de chanvre,,Sébastien Lasvaux [HEIG/CH],Sébastien Lasvaux [HEIG/CH],Sébastien Lasvaux [HEIG/CH],<null>,,9999-01-9999-12
french-biobased,0e5b1b3f-e47a-31e0-b204-9fc58e3e7120,"Disposal, rammed earth wall",CH,kg,construction materials / rammed earth wall,0,1655,0,,openLCA,2022 | Rapport méthodologique d'analyse du cycle de vie pour le mur en pisé,,Sébastien Lasvaux [HEIG/CH],Sébastien Lasvaux [HEIG/CH],Sébastien Lasvaux [HEIG/CH],<null>,,9999-01-9999-12
kbob-manufacturer,241477dc-65fc-319a-80d3-37090983f81a,"Disposal, rock wool, Flumroc, at plant",CH,kg,Others / other waste treatment,0,1653,0,,openLCA,Created for EcoSpold 1 compatibility,,default [?/?],default [?/?],Not reviewed [?/?],none,,2010-01-2010-12
french-biobased,cbf206bd-8545-3972-bdb7-4539d8fff72d,Fireproof product,BE,kg,construction materials / flax insulation,0,1655,0,,openLCA,2022 | Rapport méthodologique ACV pour le recyclage de fibres de jute et le traitement,,Sébastien Lasvaux [HEIG/CH],Sébastien Lasvaux [HEIG/CH],Sébastien Lasvaux [HEIG/CH],<null>,,9999-01-9999-12
french-biobased,615007ea-c23a-3883-87e0-c70a80cb15ea,Fireproofed flax tows from scutching,BE,kg,construction materials / flax insulation,0,1672,0,,openLCA,2022 | Rapport méthodologique ACV pour le recyclage de fibres de jute et le traitement,,Sébastien Lasvaux [HEIG/CH],Sébastien Lasvaux [HEIG/CH],Sébastien Lasvaux [HEIG/CH],Data were compiled from expert knowledge (dyeing company) ,,9999-01-9999-12
french-biobased,0ed161a7-0fe7-35eb-8a90-ab50a100ac7d,"Fireproofed jute fibers, recycled",BE,kg,construction materials / flax insulation,0,1663,0,,openLCA,2022 | Rapport méthodologique ACV pour le recyclage de fibres de jute et le traitement,,Sébastien Lasvaux [HEIG/CH],Sébastien Lasvaux [HEIG/CH],Sébastien Lasvaux [HEIG/CH],Data were compiled from expert knowledge (dyeing company) ,,9999-01-9999-12
french-biobased,a40c841b-2f93-3356-bbc3-c7e80c32e8b2,"Flax culture, flax seeds",FR,kg,construction materials / flax insulation,0,1663,0,,openLCA,2022 | Rapport méthodologique ACV pour les coproduits de l'agriculture du lin textile,,Sébastien Lasvaux [HEIG/CH],Sébastien Lasvaux [HEIG/CH],Sébastien Lasvaux [HEIG/CH],<null>,,9999-01-9999-12
french-biobased,ccf251da-b0ba-3978-a393-ff59629e8732,"Flax culture, flax straw",FR,kg,construction materials / flax insulation,0,1663,0,,openLCA,2022 | Rapport méthodologique ACV pour les coproduits de l'agriculture du lin textile,,Sébastien Lasvaux [HEIG/CH],Sébastien Lasvaux [HEIG/CH],Sébastien Lasvaux [HEIG/CH],<null>,,9999-01-9999-12
french-biobased,3f7a8f51-30be-33fb-8062-8bcdfe305833,"Flax insulation, at plant",CH,kg,construction materials / flax insulation,0,1673,0,,openLCA,2022 | Rapport méthodologique d'ACV pour l'isolation à base de lin,,Sébastien Lasvaux [HEIG/CH],Sébastien Lasvaux [HEIG/CH],Sébastien Lasvaux [HEIG/CH],Data were compiled from one company in Switzerland ,,9999-01-9999-12
french-biobased,1dde3a89-6123-3c70-aebd-25d06f726f26,"Flax insulation, at regional storage",CH,kg,construction materials / flax insulation,0,1673,0,,openLCA,2022 | Rapport méthodologique d'ACV pour l'isolation à base de lin,,Sébastien Lasvaux [HEIG/CH],Sébastien Lasvaux [HEIG/CH],Sébastien Lasvaux [HEIG/CH],Data were compiled from dedicated company. ,,9999-01-9999-12
french-biobased,63edaf72-6c34-3461-bcfd-c06dd52a8fec,"Flax insulation, fireproofed, at plant",CH,kg,construction materials / flax insulation,0,1675,0,,openLCA,2022 | Rapport méthodologique d'ACV pour l'isolation à base de lin,,Sébastien Lasvaux [HEIG/CH],Sébastien Lasvaux [HEIG/CH],Sébastien Lasvaux [HEIG/CH],Data were compiled from one company in Switzerland ,,9999-01-9999-12
french-biobased,1b03f99a-a91c-32a3-8c0b-a58031ec781f,"Flax insulation, fireproofed, at regional storage",CH,kg,construction materials / flax insulation,0,1675,0,,openLCA,2022 | Rapport méthodologique d'ACV pour l'isolation à base de lin,,Sébastien Lasvaux [HEIG/CH],Sébastien Lasvaux [HEIG/CH],Sébastien Lasvaux [HEIG/CH],Data were compiled from dedicated company. ,,9999-01-9999-12
french-biobased,c493e480-fb99-3ea8-b9d9-bb15a9cd76d1,"Flax straw scutching, long fibers",FR,kg,construction materials / flax insulation,0,1670,0,,openLCA,2022 | Rapport méthodologique ACV pour les coproduits de l'agriculture du lin textile,,Sébastien Lasvaux [HEIG/CH],Sébastien Lasvaux [HEIG/CH],Sébastien Lasvaux [HEIG/CH],Data were compiled from one agricultural cooperative ,,9999-01-9999-12
french-biobased,37bd8a07-89d4-3f9d-8fb9-eaf7c74c2b5a,"Flax straw scutching, seeds for fodder",FR,kg,construction materials / flax insulation,0,1670,0,,openLCA,2022 | Rapport méthodologique ACV pour les coproduits de l'agriculture du lin textile,,Sébastien Lasvaux [HEIG/CH],Sébastien Lasvaux [HEIG/CH],Sébastien Lasvaux [HEIG/CH],Data were compiled from one agricultural cooperative ,,9999-01-9999-12
french-biobased,f4eff67a-49f5-3c1d-bd6e-711e0cad54f5,"Flax straw scutching, shives",FR,kg,construction materials / flax insulation,0,1670,0,,openLCA,2022 | Rapport méthodologique ACV pour les coproduits de l'agriculture du lin textile,,Sébastien Lasvaux [HEIG/CH],Sébastien Lasvaux [HEIG/CH],Sébastien Lasvaux [HEIG/CH],Data were compiled from one agricultural cooperative ,,9999-01-9999-12
french-biobased,7cd79b1c-82eb-3ed3-bbce-d72c0ed09f79,"Flax straw scutching, tows from scutching",FR,kg,construction materials / flax insulation,0,1670,0,,openLCA,2022 | Rapport méthodologique ACV pour les coproduits de l'agriculture du lin textile,,Sébastien Lasvaux [HEIG/CH],Sébastien Lasvaux [HEIG/CH],Sébastien Lasvaux [HEIG/CH],Data were compiled from one agricultural cooperative ,,9999-01-9999-12
treeze-kbob,a05e1447-7685-3530-827e-fe68feefb234,"Glass wool mat, bio-based binder ISOVER, at plant",CH,kg,construction materials / others,0,1657,0,,openLCA,treeze Ltd. | 2020 | 2020 - LCA selected types of concrete - Tschuemperlin,,Frank Werner [U+E/CH],default [?/?],Frank Werner [U+E/CH],<null>,,9999-01-9999-12
kbob-manufacturer,29e55a65-0712-3810-850e-0bf7e902b6f9,"Glass wool, Supafil, at regional storage",CH,kg,construction materials / others,0,1657,0,,openLCA,Created for EcoSpold 1 compatibility,,sinum AG [?/CH],sinum AG [?/CH],sinum AG [?/CH],<null>,,9999-01-9999-12
french-biobased,15a37765-e179-30c4-9256-6c8f951b530f,"Hemp culture, hemp seeds",FR,kg,construction materials / hemp lime concrete,0,1664,0,,openLCA,2022 | Rapport méthodologique d'ACV des coproduits de l'agriculture du chanvre,,Sébastien Lasvaux [HEIG/CH],Sébastien Lasvaux [HEIG/CH],Sébastien Lasvaux [HEIG/CH],"Data were compiled from expert knowledge (agricultural cooperative in France), fertilising recommendations, retailers and statistics. ",,9999-01-9999-12
french-biobased,59b63f91-98d6-3cb4-9d30-ecb7a381bfc2,"Hemp culture, hemp straw",FR,kg,construction materials / hemp lime concrete,0,1664,0,,openLCA,2022 | Rapport méthodologique d'ACV des coproduits de l'agriculture du chanvre,,Sébastien Lasvaux [HEIG/CH],Sébastien Lasvaux [HEIG/CH],Sébastien Lasvaux [HEIG/CH],"Data were compiled from expert knowledge (agricultural cooperative in France), fertilising recommendations, retailers and statistics. ",,9999-01-9999-12
french-biobased,b6c4df10-70fb-3247-86e8-062d5c9a1934,"Hemp lime concrete, at building site",CH,kg,construction materials / hemp lime concrete,0,1666,0,,openLCA,2022 | Rapport méthodologique d'ACV du béton de chanvre,,Sébastien Lasvaux [HEIG/CH],Sébastien Lasvaux [HEIG/CH],Sébastien Lasvaux [HEIG/CH],Data were compiled from one company producing hemp lime concrete in Switzerland ,,9999-01-9999-12
french-biobased,64e926e8-dd48-3704-b902-daaf546087c4,"Hemp lime concrete, at regional storage",CH,kg,construction materials / hemp lime concrete,0,1666,0,,openLCA,2022 | Rapport méthodologique d'ACV du béton de chanvre,,Sébastien Lasvaux [HEIG/CH],Sébastien Lasvaux [HEIG/CH],Sébastien Lasvaux [HEIG/CH],Data were compiled from dedicated company. ,,9999-01-9999-12
french-biobased,f33d1ed4-123b-3d4c-a52d-1482f7ab1117,"Hemp straw scutching, dusts",FR,kg,construction materials / hemp lime concrete,0,1666,0,,openLCA,2022 | Rapport méthodologique d'ACV des coproduits de l'agriculture du chanvre,,Sébastien Lasvaux [HEIG/CH],Sébastien Lasvaux [HEIG/CH],Sébastien Lasvaux [HEIG/CH],Data were compiled from one agricultural cooperative in France ,,9999-01-9999-12
french-biobased,8e2c534d-a7df-3c27-bdc7-7aa413cb8d6e,"Hemp straw scutching, fibers",FR,kg,construction materials / hemp lime concrete,0,1666,0,,openLCA,2022 | Rapport méthodologique d'ACV des coproduits de l'agriculture du chanvre,,Sébastien Lasvaux [HEIG/CH],Sébastien Lasvaux [HEIG/CH],Sébastien Lasvaux [HEIG/CH],Data were compiled from one agricultural cooperative in France ,,9999-01-9999-12
french-biobased,4837f31d-4e9b-37c7-8965-3ec5f35228fd,"Hemp straw scutching, hurds",FR,kg,construction materials / hemp lime concrete,0,1666,0,,openLCA,2022 | Rapport méthodologique d'ACV des coproduits de l'agriculture du chanvre,,Sébastien Lasvaux [HEIG/CH],Sébastien Lasvaux [HEIG/CH],Sébastien Lasvaux [HEIG/CH],Data were compiled from one agricultural cooperative in France ,,9999-01-9999-12
french-biobased,b63735ed-5fe7-3b2a-9552-ae0269a2125c,"Jute fibers, recycled",FR,kg,construction materials / flax insulation,0,1660,0,,openLCA,2022 | Rapport méthodologique ACV pour le recyclage de fibres de jute et le traitement,,Sébastien Lasvaux [HEIG/CH],Sébastien Lasvaux [HEIG/CH],Sébastien Lasvaux [HEIG/CH],Data were compiled from a textile fibres recycling company ,,9999-01-9999-12
kbob-manufacturer,67a9453e-aca5-304a-83b0-f9e4bef2c44a,"Production, washing machine, V-ZUG",CH,hr,private consumption / household devices,0,1653,0,,openLCA,Created for EcoSpold 1 compatibility,,default [?/?],default [?/?],Not reviewed [?/?],none,,2000-01-2000-12
plasticseurope,dab0fa22-ba8d-34a9-b594-c980886b0b14,"Pyrolysis gasoline, production mix, at plant",RER,kg,plastics / others,8,361,0,,EcoInvent Excel2EcoSpold 1.9.18,"PlasticsEurope, Brussels | 2012 | Eco-profiles and Environmental Product Declarations of the European Plastics Manufacturers: Ethylene, Propylene, Butadiene, Pyrolysis Gasoline, Ethylene Oxide (EO), Ethylene Glycols (MEG, DEG, TEG)",ESU-services Ltd. | 2025 | 2025 - LCI plastics - Rajabihamedani,Sara Rajabi [ESU/CH],Christoph Meili [ESU/CH],Niels Jungbluth [ESU/CH],literature values based on European company surveys & European statistics,80.0,2008-2023
french-biobased,62f1ccfe-ee89-3659-b721-87c3f20f11ac,"Rammed earth wall, at building site",CH,kg,construction materials / rammed earth wall,0,1660,0,,openLCA,2022 | Rapport méthodologique d'analyse du cycle de vie pour le mur en pisé,,Sébastien Lasvaux [HEIG/CH],Sébastien Lasvaux [HEIG/CH],Sébastien Lasvaux [HEIG/CH],<null>,,9999-01-9999-12
french-biobased,c0b6a4f8-9148-3d78-b9c7-5992f47e0e10,"Rammed earth wall, earth extraction",CH,m3,construction materials / rammed earth wall,0,1655,0,,openLCA,2022 | Rapport méthodologique d'analyse du cycle de vie pour le mur en pisé,,Sébastien Lasvaux [HEIG/CH],Sébastien Lasvaux [HEIG/CH],Sébastien Lasvaux [HEIG/CH],<null>,,9999-01-9999-12
french-biobased,1dffb1b6-8264-3d87-960f-29b4c3c1e20b,"Rectangular straw bale, baling and loading bales",CH,kg,construction materials / straw bale wall,0,1655,0,,openLCA,2022 | Rapport méthodologique d'ACV de la botte de paille pour la construction,,Sébastien Lasvaux [HEIG/CH],Sébastien Lasvaux [HEIG/CH],Sébastien Lasvaux [HEIG/CH],"Data from farmers in Switzerland using specific machines/engines for parallelepipedic baling. 2 kinds of baling were takien into account, a small size baling (approx. 100*45*40cm) and a large size baling (250*80*90cm).",,9999-01-9999-12
french-biobased,d08fb1ff-df78-3970-a21e-d13261fe9fac,"Rectangular straw bale, straw cultivation",CH,kg,construction materials / straw bale wall,0,1655,0,,openLCA,2022 | Rapport méthodologique d'ACV de la botte de paille pour la construction,,Sébastien Lasvaux [HEIG/CH],Sébastien Lasvaux [HEIG/CH],Sébastien Lasvaux [HEIG/CH],"Sampling procedure: Data based on the ecoinvent dataset ""Wheat straw IP, at farm"" for which the input processes ""baling"" and ""loading bale"" were removed to abvoid double counting with the susbsequent process ""Rectangular straw bale, baling & loading bales"" and on specific data from 2 producers of straw bales for construction in Switzerland ",,9999-01-9999-12
kbob-manufacturer,52078a01-3225-3d5e-b2b3-eca820457f2e,"Rock wool, Flumroc, at plant",CH,kg,insulation materials / production,0,1655,0,,openLCA,Created for EcoSpold 1 compatibility,,default [?/?],default [?/?],Not reviewed [?/?],none,,2011-01-2011-12
kbob-manufacturer,5251f6da-beee-3027-9754-fa56fc94c7c6,"Rock wool, Flumroc, import, at plant",RER,kg,insulation materials / production,0,1655,0,,openLCA,Created for EcoSpold 1 compatibility,,default [?/?],default [?/?],Not reviewed [?/?],none,,2013-01-2013-12
kbob-manufacturer,99ff12a4-23dd-36aa-a1e3-49e3a954539b,"Rock wool, Flumroc, packed, at plant",CH,kg,insulation materials / production,0,1657,0,,openLCA,Created for EcoSpold 1 compatibility,,default [?/?],default [?/?],Not reviewed [?/?],none,,2011-01-2011-12
ecoinvent-v2-confidential,475c916f-6080-33fb-ab55-6370a4c5fdb0,"Sodium perborate, monohydrate, powder, at plant",RER,kg,chemicals / washing agents\bleaches,0,1301,0,,openLCA,"Swiss Centre for LCI, Empa - TSL | 2007 | 2007 - LCI detergents - Zah",,Rainer Zah [?/CH],Rainer Zah [?/CH],Heiko Kunst [?/CH],company data used for average  ,85,2000-01-2000-12
ecoinvent-v2-confidential,33c61a93-f37a-3203-9d0d-dad895dc69a3,"Sodium percarbonate, powder, at plant",RER,kg,chemicals / washing agents\bleaches,0,1301,0,,openLCA,"Swiss Centre for LCI, Empa - TSL | 2007 | 2007 - LCI detergents - Zah",,Rainer Zah [?/CH],Rainer Zah [?/CH],Heiko Kunst [?/CH],company data ,,2000-01-2000-12
kbob-manufacturer,3b62ceeb-bbd2-35c6-b2e8-ea59f71d7690,Washing machine,CH,p,private consumption / household devices,0,1654,0,,openLCA,Created for EcoSpold 1 compatibility,,default [?/?],default [?/?],Not reviewed [?/?],none,,2000-01-2000-12
kbob-manufacturer,3a8c93a3-f89e-30d6-8203-ee0ead9dbfff,"Window frame, aluminium, Hydro, Circal, Wicline 75evo, U=1.2W/m2K, at regional storage",CH,m2,building components / windows,0,1658,0,,openLCA,Created for EcoSpold 1 compatibility,,Philippe Stolz [TREEZE/CH],Philippe Stolz [TREEZE/CH],Philippe Stolz [TREEZE/CH],Data survey at SAPA Building Systems AG. ,,2011-01-2018-12
kbob-manufacturer,74915c71-54fa-3aa1-b27b-c6d86c00acea,"Window frame, wood, opaquely painted, U=1.0 W/m2K, Baumgartner, wall opening, at plant",CH,m2,building components / windows,0,1658,0,,openLCA,Created for EcoSpold 1 compatibility,,Luana Krebs [TREEZE/CH],Luana Krebs [TREEZE/CH],Luana Krebs [TREEZE/CH],Data survey at window manufacturer Baumgartner in Switzerland. ,,2018-01-2019-12
kbob-manufacturer,a525830f-1696-3c3d-9e5e-93419c206be6,"Window frame, wood-metal, opaquely painted, U=1.0 W/m2K, Baumgartner, wall opening, at plant",CH,m2,building components / windows,0,1659,0,,openLCA,Created for EcoSpold 1 compatibility,,Luana Krebs [TREEZE/CH],Luana Krebs [TREEZE/CH],Luana Krebs [TREEZE/CH],Data survey at window manufacturer Baumgartner in Switzerland. ,,2018-01-2019-12
ecoinvent-v2-confidential,1b7a81dc-1797-3c93-ae60-f239501da3c3,"Wood preservative, organic salt, Cr-free, at plant",RER,kg,chemicals / pesticides,0,1301,0,,openLCA,"Swiss Centre for LCI, Empa - TSL, ESU-services Ltd. | 2007 | 2007 - LCI wood as fuel and const. mat. - Werner",,Hans-Joerg Althaus [ECOEXISTENCE/CH],Hans-Joerg Althaus [ECOEXISTENCE/CH],Roberto Dones [?/CH],Literature ,,2000-01-2000-12
ecoinvent-v2-confidential,c3604814-e4ea-34f4-b598-79591fbf1483,"xx Layered sodium silicate, SKS-6, powder, at plant",RER,kg,"material, obsolete / chemicals, obsolete\washing agents, obsolete\builders, obsolete",0,1301,0,,openLCA,"Swiss Centre for LCI, Empa - TSL | 2007 | 2007 - LCI detergents - Zah",,Roland Hischier [EMPA/CH],Roland Hischier [EMPA/CH],Heiko Kunst [?/CH],questionnaire ,,2000-01-2000-12
ecoinvent-v2-confidential,ddefdbda-3a45-39fc-84ad-17c4c7bdc3f9,"xx Packaging glass, brown, at plant",CH,kg,"material, obsolete / glass, obsolete\packaging, obsolete",0,1301,0,"xx Packaging glass, brown, at plant",openLCA,"Swiss Centre for LCI, Empa - TSL | 2007 | 2007 - LCI packagings and graphical papers - Hischier",,Roland Hischier [EMPA/CH],Roland Hischier [EMPA/CH],Hans-Joerg Althaus [ECOEXISTENCE/CH],company information by a filled in questionnaire ,100,2000-01-2000-12
ecoinvent-v2-confidential,a66b5e9d-fce8-3d9d-afc4-8c422a9b9410,"xx Packaging glass, brown, at regional storage",CH,kg,"material, obsolete / glass, obsolete\packaging, obsolete",0,1301,0,,openLCA,"Swiss Centre for LCI, Empa - TSL | 2007 | 2007 - LCI packagings and graphical papers - Hischier",,Roland Hischier [EMPA/CH],Roland Hischier [EMPA/CH],Hans-Joerg Althaus [ECOEXISTENCE/CH],"confidential information from sales department of Vetropack Group, Bülach ",90,2000-01-2000-12
ecoinvent-v2-confidential,b3da2a0c-5179-317d-8f16-84285a50248f,"xx Packaging glass, green, at plant",CH,kg,"material, obsolete / glass, obsolete\packaging, obsolete",0,1301,0,"xx Packaging glass, green, at plant",openLCA,"Swiss Centre for LCI, Empa - TSL | 2007 | 2007 - LCI packagings and graphical papers - Hischier",,Roland Hischier [EMPA/CH],Roland Hischier [EMPA/CH],Hans-Joerg Althaus [ECOEXISTENCE/CH],company information by a filled in questionnaire ,100,2000-01-2000-12
ecoinvent-v2-confidential,fdbb581d-5d5c-31e2-ab83-aaa51229114d,"xx Packaging glass, green, at regional storage",CH,kg,"material, obsolete / glass, obsolete\packaging, obsolete",0,1301,0,,openLCA,"Swiss Centre for LCI, Empa - TSL | 2007 | 2007 - LCI packagings and graphical papers - Hischier",,Roland Hischier [EMPA/CH],Roland Hischier [EMPA/CH],Hans-Joerg Althaus [ECOEXISTENCE/CH],"confidential information from sales department of Vetropack Group, Bülach ",90,2000-01-2000-12
ecoinvent-v2-confidential,22f39631-187e-3cce-b067-be74006bb52a,"xx Packaging glass, white, at plant",CH,kg,"material, obsolete / glass, obsolete\packaging, obsolete",0,1301,0,"xx Packaging glass, white, at plant",openLCA,"Swiss Centre for LCI, Empa - TSL | 2007 | 2007 - LCI packagings and graphical papers - Hischier",,Roland Hischier [EMPA/CH],Roland Hischier [EMPA/CH],Hans-Joerg Althaus [ECOEXISTENCE/CH],company information by a filled in questionnaire ,100,2000-01-2000-12
ecoinvent-v2-confidential,6d36bf06-a935-397b-871f-5da5b0b79b0b,"xx Packaging glass, white, at regional storage",CH,kg,"material, obsolete / glass, obsolete\packaging, obsolete",0,1301,0,,openLCA,"Swiss Centre for LCI, Empa - TSL | 2007 | 2007 - LCI packagings and graphical papers - Hischier",,Roland Hischier [EMPA/CH],Roland Hischier [EMPA/CH],Hans-Joerg Althaus [ECOEXISTENCE/CH],"confidential information from sales department of Vetropack Group, Bülach ",90,2000-01-2000-12
