detected_by,code,name,location,unit,bafu_category,n_exchanges,source
screening-csv,4b4cdbb7-1edb-3e1c-a7c0-53a5bb19d516,"Aluminium profile, uncoated, Hydro Building Systems, Circal, at regional storage",CH,kilogram,construction materials,1659,detected from the Brightway import (ecoSpold XMLs not available)
screening-csv,e6293140-cad8-32a8-81fc-64a059fd97ea,"Anthraquinone, at plant",RER,kilogram,chemicals,1302,detected from the Brightway import (ecoSpold XMLs not available)
screening-csv,870170e5-b0d0-366a-9834-36a087cbff08,Assembled formwork,CH,square meter,construction materials,1656,detected from the Brightway import (ecoSpold XMLs not available)
zero-input,ad7548e0-2caf-31ca-908c-2d521c47bcd2,"Azobe (SFM), standing, under bark, in rain forest",CM,cubic meter,wood,7,detected from the Brightway import (ecoSpold XMLs not available)
zero-input,bab057b8-7987-34ca-bb76-a31454e4a60a,"Azobe, allocation correction 1",GLO,cubic meter,wood,4,detected from the Brightway import (ecoSpold XMLs not available)
zero-input,0d193c28-abef-3585-a486-d261e11c7379,"Azobe, allocation correction 2",GLO,cubic meter,wood,4,detected from the Brightway import (ecoSpold XMLs not available)
screening-csv,9ce2128d-aab2-3a73-9b1d-a9c69d037fe2,"Basalt, Flumroc, at mine",CH,kilogram,minerals,1654,detected from the Brightway import (ecoSpold XMLs not available)
zero-input,c2869f0a-31c9-31db-ad05-37ecd492eae4,"Brake wear emissions, lorry",RER,kilogram,transport systems,33,detected from the Brightway import (ecoSpold XMLs not available)
zero-input,e19204bc-3cff-3ad1-bfd6-957987dbbd54,"Brake wear emissions, passenger car",RER,kilogram,transport systems,36,detected from the Brightway import (ecoSpold XMLs not available)
screening-csv,6cb6413f-4964-3e85-9d89-52de95510ec5,"Brick, filled with perlite, at regional storage",CH,kilogram,construction materials,1658,detected from the Brightway import (ecoSpold XMLs not available)
screening-csv,18a506a4-5e50-30a7-90c5-ed4132eb7937,"Briquette, Flumroc, at plant",CH,kilogram,construction,1654,detected from the Brightway import (ecoSpold XMLs not available)
screening-csv,d8ec4be3-c410-3806-98f5-a2ec5a284fee,"Burnt shale, at plant",DE,kilogram,construction materials,1660,detected from the Brightway import (ecoSpold XMLs not available)
zero-input,3eb3b159-8ce3-3f49-9408-6fecae196896,Cabinet panel,CH,square meter,"energy supply, kbob recommendation",21,detected from the Brightway import (ecoSpold XMLs not available)
screening-csv,68a626c2-facd-3f88-a5c2-b5cb15115739,"Carboxymethyl cellulose, powder, at plant",RER,kilogram,chemicals,1302,detected from the Brightway import (ecoSpold XMLs not available)
screening-csv,bec8f889-cb7d-3f89-b202-b210c324c37e,"Cellular glass aggregate Misapor, at plant",CH,kilogram,construction materials,1408,detected from the Brightway import (ecoSpold XMLs not available)
screening-csv,c890ba9e-0af2-3f0c-bd1f-ebf25c2fdbc9,"Cellular glass aggregate, at regional storage",CH,kilogram,construction materials,1408,detected from the Brightway import (ecoSpold XMLs not available)
screening-csv,e62c6873-86bb-3307-9c80-efac91af8457,Cellulose fibres (injected) (isofloc 2012),CH,kilogram,construction materials,1408,detected from the Brightway import (ecoSpold XMLs not available)
screening-csv,c3490cfc-bcf2-38a2-a8c1-2d50ba65c83e,"Cement ZN, D, at plant",CH,kilogram,construction materials,1660,detected from the Brightway import (ecoSpold XMLs not available)
screening-csv,0b997ad0-3360-3f80-a886-009e81fa3c33,"Cross-laminted timber, PUR-bonded, packed, at plant",CH,cubic meter,wood,1663,detected from the Brightway import (ecoSpold XMLs not available)
screening-csv,3b6d410c-d17d-38b4-a565-03563970a936,"Cross-laminted timber, PUR-bonded, packed, at plant, with resource correction",CH,cubic meter,wood,1664,detected from the Brightway import (ecoSpold XMLs not available)
zero-input,a60c9cf4-c057-3510-813a-d92a65db76fc,"Crude oil, used in drilling tests",GLO,kilogram,fuels,11,detected from the Brightway import (ecoSpold XMLs not available)
zero-input,646fba6c-683b-303f-91d5-d0709295b79b,"Discharge, produced water, offshore",OCE,kilogram,oil,57,detected from the Brightway import (ecoSpold XMLs not available)
zero-input,508d7608-1bf8-3cbd-b985-c838622ea784,"Discharge, produced water, onshore",GLO,kilogram,oil,57,detected from the Brightway import (ecoSpold XMLs not available)
screening-csv,6860a668-cc63-365e-a3c8-8ac94ccfbbd9,"Disposal, brick, filled with perlite",CH,kilogram,construction materials,1658,detected from the Brightway import (ecoSpold XMLs not available)
screening-csv,c329609f-2f6e-34d1-9e38-3c8af2b43a09,"Disposal, building, window frame, aluminium, Wicline 75evo",CH,square meter,building components,1656,detected from the Brightway import (ecoSpold XMLs not available)
screening-csv,d194cc0d-c3f6-49e9-9694-edbc775d3d58,"Disposal, building, window frame, wood, opaquely painted, Baumgartner, wall opening, to final disposal",CH,square meter,waste management,1656,detected from the Brightway import (ecoSpold XMLs not available)
screening-csv,e07cc654-6748-44cc-95bd-6c197a919a64,"Disposal, building, window frame, wood-metal, opaquely painted, Baumgartner, wall opening, to final disposal",CH,square meter,waste management,1658,detected from the Brightway import (ecoSpold XMLs not available)
screening-csv,b3520083-2e0d-3af9-92ab-37a107aefad2,"Disposal, flax insulation",CH,kilogram,construction materials,1656,detected from the Brightway import (ecoSpold XMLs not available)
screening-csv,ed5c2271-7ad0-35a8-b6fd-b84e2a130f4d,"Disposal, hemp lime concrete",CH,kilogram,construction materials,1656,detected from the Brightway import (ecoSpold XMLs not available)
zero-input,f584f285-8366-43b0-bb09-d280e9502726,"Disposal, lignite ash, 0% water, to opencast refill",ES,kilogram,Others,73,detected from the Brightway import (ecoSpold XMLs not available)
zero-input,4c5feadd-69bf-4282-a59e-127a5d5a4c7f,"Disposal, lignite ash, 0% water, to opencast refill",PL,kilogram,Others,73,detected from the Brightway import (ecoSpold XMLs not available)
zero-input,48c6464c-2d30-48db-86cf-a84cdbf19fd0,"Disposal, lignite ash, 0% water, to opencast refill",SK,kilogram,Others,73,detected from the Brightway import (ecoSpold XMLs not available)
zero-input,48d841f7-2de8-4036-a09a-52bacb6b5405,"Disposal, lignite ash, 0% water, to opencast refill",GR,kilogram,Others,73,detected from the Brightway import (ecoSpold XMLs not available)
zero-input,b88c2878-8262-4c75-921e-96346e94c7ac,"Disposal, lignite ash, 0% water, to opencast refill",CZ,kilogram,Others,73,detected from the Brightway import (ecoSpold XMLs not available)
zero-input,d5323715-4e43-4024-8bf8-2f434f92a97d,"Disposal, lignite ash, 0% water, to opencast refill",FR,kilogram,Others,73,detected from the Brightway import (ecoSpold XMLs not available)
zero-input,20db29f1-5b7c-484d-892c-c63cea130d2a,"Disposal, lignite ash, 0% water, to opencast refill",MK,kilogram,Others,73,detected from the Brightway import (ecoSpold XMLs not available)
zero-input,7d282d6d-e568-44d4-8357-e238e557bb2f,"Disposal, lignite ash, 0% water, to opencast refill",BA,kilogram,Others,73,detected from the Brightway import (ecoSpold XMLs not available)
zero-input,6dc70c0a-8316-4ffc-a152-28a8105f3ade,"Disposal, lignite ash, 0% water, to opencast refill",DE,kilogram,Others,73,detected from the Brightway import (ecoSpold XMLs not available)
zero-input,c5f634ab-83fd-4bbc-af8a-98662ff59f95,"Disposal, lignite ash, 0% water, to opencast refill",CS,kilogram,Others,73,detected from the Brightway import (ecoSpold XMLs not available)
zero-input,e3cebe3c-0344-45ba-8d2b-e060fb7b1426,"Disposal, lignite ash, 0% water, to opencast refill",SI,kilogram,Others,73,detected from the Brightway import (ecoSpold XMLs not available)
zero-input,40946f12-8120-4784-b922-8d0c1be955c9,"Disposal, lignite ash, 0% water, to opencast refill",HU,kilogram,Others,73,detected from the Brightway import (ecoSpold XMLs not available)
zero-input,e4e2e5d1-7e8c-4ee7-b001-146a7d3d82b7,"Disposal, lignite ash, 0% water, to opencast refill",AT,kilogram,Others,73,detected from the Brightway import (ecoSpold XMLs not available)
zero-input,314f2efe-06ba-4864-826a-449ed9200162,"Disposal, non-sulfidic overburden, off-site",GLO,kilogram,landfill,4,detected from the Brightway import (ecoSpold XMLs not available)
zero-input,6a24b9f4-1c35-4293-bc2b-ceb264aff2ed,"Disposal, non-sulfidic tailings, off-site",GLO,kilogram,landfill,4,detected from the Brightway import (ecoSpold XMLs not available)
screening-csv,0e5b1b3f-e47a-31e0-b204-9fc58e3e7120,"Disposal, rammed earth wall",CH,kilogram,construction materials,1656,detected from the Brightway import (ecoSpold XMLs not available)
screening-csv,241477dc-65fc-319a-80d3-37090983f81a,"Disposal, rock wool, Flumroc, at plant",CH,kilogram,Others,1654,detected from the Brightway import (ecoSpold XMLs not available)
zero-input,36fc181c-13da-4792-aa29-e2012c405ccd,"Disposal, spoil from coal mining, in surface landfill",GLO,kilogram,landfill,71,detected from the Brightway import (ecoSpold XMLs not available)
zero-input,e6c7fd1b-ca1c-45f5-8220-6d9594dd093e,"Disposal, spoil from lignite mining, in surface landfill",GLO,kilogram,landfill,71,detected from the Brightway import (ecoSpold XMLs not available)
zero-input,ff7d71b2-b5be-40d1-a1b7-92dcdbfe6663,"Disposal, sulfidic tailings, off-site",GLO,kilogram,landfill,78,detected from the Brightway import (ecoSpold XMLs not available)
zero-input,95ff20e4-7e2c-4531-910e-d0d8eeb072c4,"Disposal, tailings from hard coal milling, in impoundment",GLO,kilogram,impoundment,71,detected from the Brightway import (ecoSpold XMLs not available)
zero-input,bc6967a3-2916-4fbc-a3f5-2b0e5029ee93,"Disposal, uranium tailings, non-radioactive emissions",GLO,cubic meter,nuclear waste,147,detected from the Brightway import (ecoSpold XMLs not available)
screening-csv,6f509fd5-88e3-3e43-b96a-a91c2bace699,"Esters of versatic acid, at plant",RER,kilogram,chemicals,1302,detected from the Brightway import (ecoSpold XMLs not available)
screening-csv,582ad303-7f18-3110-83c2-bccca0dc995f,"Ethylene glycol, at plant",RER,kilogram,chemicals,370,detected from the Brightway import (ecoSpold XMLs not available)
screening-csv,298abdac-f564-358c-95a3-7a43418d2671,"Ethylene, average, at plant",RER,kilogram,chemicals,370,detected from the Brightway import (ecoSpold XMLs not available)
zero-input,339cbd3f-5f30-3790-8654-455ed5efe331,"Eucalyptus ssp., standing, under bark, u=50%, in plantation",TH,cubic meter,wood,7,detected from the Brightway import (ecoSpold XMLs not available)
zero-input,d52e06dd-1242-30c0-90ed-b882be36e97b,Exhaust gas treatment 1,RER,kilogram,transport systems,5,detected from the Brightway import (ecoSpold XMLs not available)
screening-csv,7fa67971-6cbc-3549-9ef2-f518ff87e652,"Feldspar, at plant",RER,kilogram,minerals,1302,detected from the Brightway import (ecoSpold XMLs not available)
screening-csv,cbf206bd-8545-3972-bdb7-4539d8fff72d,Fireproof product,BE,kilogram,construction materials,1656,detected from the Brightway import (ecoSpold XMLs not available)
screening-csv,615007ea-c23a-3883-87e0-c70a80cb15ea,Fireproofed flax tows from scutching,BE,kilogram,construction materials,1673,detected from the Brightway import (ecoSpold XMLs not available)
screening-csv,0ed161a7-0fe7-35eb-8a90-ab50a100ac7d,"Fireproofed jute fibers, recycled",BE,kilogram,construction materials,1664,detected from the Brightway import (ecoSpold XMLs not available)
screening-csv,a40c841b-2f93-3356-bbc3-c7e80c32e8b2,"Flax culture, flax seeds",FR,kilogram,construction materials,1664,detected from the Brightway import (ecoSpold XMLs not available)
screening-csv,ccf251da-b0ba-3978-a393-ff59629e8732,"Flax culture, flax straw",FR,kilogram,construction materials,1664,detected from the Brightway import (ecoSpold XMLs not available)
screening-csv,3f7a8f51-30be-33fb-8062-8bcdfe305833,"Flax insulation, at plant",CH,kilogram,construction materials,1674,detected from the Brightway import (ecoSpold XMLs not available)
screening-csv,1dde3a89-6123-3c70-aebd-25d06f726f26,"Flax insulation, at regional storage",CH,kilogram,construction materials,1674,detected from the Brightway import (ecoSpold XMLs not available)
screening-csv,63edaf72-6c34-3461-bcfd-c06dd52a8fec,"Flax insulation, fireproofed, at plant",CH,kilogram,construction materials,1676,detected from the Brightway import (ecoSpold XMLs not available)
screening-csv,1b03f99a-a91c-32a3-8c0b-a58031ec781f,"Flax insulation, fireproofed, at regional storage",CH,kilogram,construction materials,1676,detected from the Brightway import (ecoSpold XMLs not available)
screening-csv,c493e480-fb99-3ea8-b9d9-bb15a9cd76d1,"Flax straw scutching, long fibers",FR,kilogram,construction materials,1671,detected from the Brightway import (ecoSpold XMLs not available)
screening-csv,37bd8a07-89d4-3f9d-8fb9-eaf7c74c2b5a,"Flax straw scutching, seeds for fodder",FR,kilogram,construction materials,1671,detected from the Brightway import (ecoSpold XMLs not available)
screening-csv,f4eff67a-49f5-3c1d-bd6e-711e0cad54f5,"Flax straw scutching, shives",FR,kilogram,construction materials,1671,detected from the Brightway import (ecoSpold XMLs not available)
screening-csv,7cd79b1c-82eb-3ed3-bbce-d72c0ed09f79,"Flax straw scutching, tows from scutching",FR,kilogram,construction materials,1671,detected from the Brightway import (ecoSpold XMLs not available)
screening-csv,a05e1447-7685-3530-827e-fe68feefb234,"Glass wool mat, bio-based binder ISOVER, at plant",CH,kilogram,construction materials,1658,detected from the Brightway import (ecoSpold XMLs not available)
screening-csv,b3b66822-5c90-3dcd-aa2b-8a39dd2e5c10,"Glass wool mat, phenolic binder ISOVER, at plant",CH,kilogram,construction materials,1658,detected from the Brightway import (ecoSpold XMLs not available)
screening-csv,29e55a65-0712-3810-850e-0bf7e902b6f9,"Glass wool, Supafil, at regional storage",CH,kilogram,construction materials,1658,detected from the Brightway import (ecoSpold XMLs not available)
screening-csv,f74423b2-f369-31e8-9f86-690eca53ab81,"Gypsum block, at plant",DE,square meter,construction materials,1416,detected from the Brightway import (ecoSpold XMLs not available)
screening-csv,a061bf96-1dc6-3ab8-8dae-af476463276b,"Gypsum fibre board, at plant",DE,square meter,construction materials,1416,detected from the Brightway import (ecoSpold XMLs not available)
screening-csv,ef0d6337-8fb9-3975-a5b8-3d0c34bffe0b,"Gypsum lime plaster, at plant",CH,kilogram,construction materials,1416,detected from the Brightway import (ecoSpold XMLs not available)
screening-csv,909c9c24-8c69-3736-be51-699a03743352,"Gypsum plaster board, at plant",DE,square meter,construction materials,1416,detected from the Brightway import (ecoSpold XMLs not available)
screening-csv,9dde0e93-b9ef-3b8b-a6f8-0cff98a10f19,"Gypsum plaster, at plant",CH,kilogram,construction materials,1416,detected from the Brightway import (ecoSpold XMLs not available)
zero-input,1af534a0-e8bd-3f55-95f6-92b10b0cc367,"Hardwood, allocation correction, 1",RER,cubic meter,wood,4,detected from the Brightway import (ecoSpold XMLs not available)
screening-csv,15a37765-e179-30c4-9256-6c8f951b530f,"Hemp culture, hemp seeds",FR,kilogram,construction materials,1665,detected from the Brightway import (ecoSpold XMLs not available)
screening-csv,59b63f91-98d6-3cb4-9d30-ecb7a381bfc2,"Hemp culture, hemp straw",FR,kilogram,construction materials,1665,detected from the Brightway import (ecoSpold XMLs not available)
screening-csv,b6c4df10-70fb-3247-86e8-062d5c9a1934,"Hemp lime concrete, at building site",CH,kilogram,construction materials,1667,detected from the Brightway import (ecoSpold XMLs not available)
screening-csv,64e926e8-dd48-3704-b902-daaf546087c4,"Hemp lime concrete, at regional storage",CH,kilogram,construction materials,1667,detected from the Brightway import (ecoSpold XMLs not available)
screening-csv,f33d1ed4-123b-3d4c-a52d-1482f7ab1117,"Hemp straw scutching, dusts",FR,kilogram,construction materials,1667,detected from the Brightway import (ecoSpold XMLs not available)
screening-csv,8e2c534d-a7df-3c27-bdc7-7aa413cb8d6e,"Hemp straw scutching, fibers",FR,kilogram,construction materials,1667,detected from the Brightway import (ecoSpold XMLs not available)
screening-csv,4837f31d-4e9b-37c7-8965-3ec5f35228fd,"Hemp straw scutching, hurds",FR,kilogram,construction materials,1667,detected from the Brightway import (ecoSpold XMLs not available)
zero-input,8a6c655d-b743-3945-a1a6-e070f70c48b2,Iridium production,GLO,kilogram,pipeline,33,detected from the Brightway import (ecoSpold XMLs not available)
screening-csv,b63735ed-5fe7-3b2a-9552-ae0269a2125c,"Jute fibers, recycled",FR,kilogram,construction materials,1661,detected from the Brightway import (ecoSpold XMLs not available)
screening-csv,b242dd8f-393a-36a6-b974-436e78f905a2,"Latex, at plant",RER,kilogram,chemicals,1302,detected from the Brightway import (ecoSpold XMLs not available)
zero-input,550c5916-4525-311f-b41b-1e88d6a039e4,"Meranti, standing, under bark, u=70%, in rainforest",MY,cubic meter,wood,7,detected from the Brightway import (ecoSpold XMLs not available)
zero-input,7e9ad35b-eb88-3146-8224-cfd4a2558b4a,"Natural gas, sweet, burned in production flare",GLO,normal cubic meter,fuels,10,detected from the Brightway import (ecoSpold XMLs not available)
zero-input,15aa3d58-7814-3dd8-a3c7-cad37db3a9a5,"Natural gas, vented",GLO,normal cubic meter,oil,8,detected from the Brightway import (ecoSpold XMLs not available)
zero-input,17d7af2c-9760-3c83-ade4-de7f661a1aca,"Operation, oil combustion, in cogen with ignition gas engine",CH,megajoule,heat,20,detected from the Brightway import (ecoSpold XMLs not available)
zero-input,90011c71-96b4-3c01-9fc5-8627eec31541,"Paraná pine, allocation correction 1",GLO,cubic meter,wood,4,detected from the Brightway import (ecoSpold XMLs not available)
zero-input,bbe5625a-85d2-30e7-a0c2-9be0590200fc,"Paraná pine, allocation correction 2",GLO,cubic meter,wood,4,detected from the Brightway import (ecoSpold XMLs not available)
zero-input,76706e4f-d12d-3fe1-84c9-3e4887d6d396,"Paraná pine, standing, under bark, in rain forest",BR,cubic meter,wood,7,detected from the Brightway import (ecoSpold XMLs not available)
screening-csv,efaba904-8105-36f4-960e-c01d962787eb,"Particle board, cement bonded, at plant",RER,cubic meter,wood,1302,detected from the Brightway import (ecoSpold XMLs not available)
screening-csv,f5a22e0a-f55b-3639-86b9-85f999ea7c81,"Polycarboxylates, 40% active substance, at plant",RER,kilogram,chemicals,1302,detected from the Brightway import (ecoSpold XMLs not available)
screening-csv,c7af8832-9551-38fd-a628-363e6fc17c8e,"Polyethylene terephthalate, granulate, bottle grade, at plant",RER,kilogram,plastics,395,detected from the Brightway import (ecoSpold XMLs not available)
screening-csv,6738f024-eb64-3ef8-837e-05b84c6e43da,"Polyethylene, HDPE, granulate, at plant",RER,kilogram,plastics,442,detected from the Brightway import (ecoSpold XMLs not available)
screening-csv,c4dbbb99-22d0-37c1-8cc7-fc5a8c64329b,"Polyethylene, LDPE, granulate, at plant",RER,kilogram,plastics,442,detected from the Brightway import (ecoSpold XMLs not available)
screening-csv,df878822-0deb-3a59-a6b4-396d94a3b654,"Polyethylene, LLDPE, granulate, at plant",RER,kilogram,plastics,440,detected from the Brightway import (ecoSpold XMLs not available)
screening-csv,09cda8b1-b652-39b2-8761-c93aecc29f70,"Polypropylene, granulate, at plant",RER,kilogram,plastics,441,detected from the Brightway import (ecoSpold XMLs not available)
screening-csv,05a10e4b-a919-33b6-b017-7c0bf7f7a7f9,"Polystyrene, expandable, at plant",RER,kilogram,plastics,553,detected from the Brightway import (ecoSpold XMLs not available)
screening-csv,015cd7db-8a64-3f0b-ba15-6ff81e3d1eb4,"Polyvinylchloride, emulsion polymerised, at plant",RER,kilogram,plastics,457,detected from the Brightway import (ecoSpold XMLs not available)
screening-csv,48985f3e-97b4-3128-a1a8-a5ba91a1cb88,"Polyvinylchloride, suspension polymerised, at plant",RER,kilogram,plastics,459,detected from the Brightway import (ecoSpold XMLs not available)
screening-csv,67a9453e-aca5-304a-83b0-f9e4bef2c44a,"Production, washing machine, V-ZUG",CH,hour,private consumption,1654,detected from the Brightway import (ecoSpold XMLs not available)
zero-input,1998c8e2-f2ac-3706-92fd-f4ca65f44bb9,"Provision, stubbed land",MY,square meter,wood,36,detected from the Brightway import (ecoSpold XMLs not available)
zero-input,1f81b86b-6628-3e7f-a93d-804458de6cea,"Provision, stubbed land",BR,square meter,wood,36,detected from the Brightway import (ecoSpold XMLs not available)
screening-csv,bfff239d-8ae3-3730-a048-dffb312515f3,"Purified terephthalic acid, at plant",RER,kilogram,chemicals,400,detected from the Brightway import (ecoSpold XMLs not available)
screening-csv,dab0fa22-ba8d-34a9-b594-c980886b0b14,"Pyrolysis gasoline, production mix, at plant",RER,kilogram,plastics,370,detected from the Brightway import (ecoSpold XMLs not available)
screening-csv,62f1ccfe-ee89-3659-b721-87c3f20f11ac,"Rammed earth wall, at building site",CH,kilogram,construction materials,1661,detected from the Brightway import (ecoSpold XMLs not available)
screening-csv,c0b6a4f8-9148-3d78-b9c7-5992f47e0e10,"Rammed earth wall, earth extraction",CH,cubic meter,construction materials,1656,detected from the Brightway import (ecoSpold XMLs not available)
screening-csv,1dffb1b6-8264-3d87-960f-29b4c3c1e20b,"Rectangular straw bale, baling and loading bales",CH,kilogram,construction materials,1656,detected from the Brightway import (ecoSpold XMLs not available)
screening-csv,d08fb1ff-df78-3970-a21e-d13261fe9fac,"Rectangular straw bale, straw cultivation",CH,kilogram,construction materials,1656,detected from the Brightway import (ecoSpold XMLs not available)
zero-input,9ee15e39-2e49-343f-97c9-80a4764a0422,"Refinery gas, burned in flare",GLO,megajoule,fuels,11,detected from the Brightway import (ecoSpold XMLs not available)
screening-csv,75202015-6030-3e3e-8f9e-a424e2b13030,"Render carrier board, cement bound, at plant",DE,square meter,construction materials,1416,detected from the Brightway import (ecoSpold XMLs not available)
zero-input,92c36959-3136-3b24-bdf1-058ff7429972,"Road wear emissions, lorry",RER,kilogram,transport systems,4,detected from the Brightway import (ecoSpold XMLs not available)
zero-input,53cdd953-d0bc-30ea-baa8-9a91650f7264,"Road wear emissions, passenger car",RER,kilogram,transport systems,4,detected from the Brightway import (ecoSpold XMLs not available)
screening-csv,52078a01-3225-3d5e-b2b3-eca820457f2e,"Rock wool, Flumroc, at plant",CH,kilogram,insulation materials,1656,detected from the Brightway import (ecoSpold XMLs not available)
screening-csv,5251f6da-beee-3027-9754-fa56fc94c7c6,"Rock wool, Flumroc, import, at plant",RER,kilogram,insulation materials,1656,detected from the Brightway import (ecoSpold XMLs not available)
screening-csv,99ff12a4-23dd-36aa-a1e3-49e3a954539b,"Rock wool, Flumroc, packed, at plant",CH,kilogram,insulation materials,1658,detected from the Brightway import (ecoSpold XMLs not available)
zero-input,f5e6854a-9785-3993-89ab-2a39b4834597,"Sealing sheeting polyolefin (TPO), at plant",CH,kilogram,construction materials,5,detected from the Brightway import (ecoSpold XMLs not available)
screening-csv,475c916f-6080-33fb-ab55-6370a4c5fdb0,"Sodium perborate, monohydrate, powder, at plant",RER,kilogram,chemicals,1302,detected from the Brightway import (ecoSpold XMLs not available)
screening-csv,7efdfea7-aedf-3844-b47e-1b07ea02dae7,"Sodium perborate, tetrahydrate, powder, at plant",RER,kilogram,chemicals,1302,detected from the Brightway import (ecoSpold XMLs not available)
screening-csv,33c61a93-f37a-3203-9d0d-dad895dc69a3,"Sodium percarbonate, powder, at plant",RER,kilogram,chemicals,1302,detected from the Brightway import (ecoSpold XMLs not available)
zero-input,b2a7ee57-a951-332b-8977-11d21251e5cb,"Softwood, allocation correction, 1",RER,cubic meter,wood,4,detected from the Brightway import (ecoSpold XMLs not available)
zero-input,aaca8a4a-38bd-374e-a704-fc2639ad8673,"Softwood, allocation correction, 3",RER,cubic meter,wood,4,detected from the Brightway import (ecoSpold XMLs not available)
zero-input,1db6c58f-440f-3e84-9537-8d6a565ed1d0,"Softwood, standing, under bark, holzpur, in forest",CH,cubic meter,wood,7,detected from the Brightway import (ecoSpold XMLs not available)
screening-csv,f29ea928-dad4-33fe-ac09-33391c25e0ae,"Titanium dioxide at plant, sulphate process, at plant",RER,kilogram,chemicals,1302,detected from the Brightway import (ecoSpold XMLs not available)
screening-csv,bc92bf5a-94f5-3d3c-865f-278a6ba99440,"Titanium dioxide, chloride process, at plant",RER,kilogram,chemicals,1302,detected from the Brightway import (ecoSpold XMLs not available)
zero-input,9b01adff-bd0c-3881-b8c2-5b5ed1195519,"Tyre wear emissions, lorry",RER,kilogram,transport systems,93,detected from the Brightway import (ecoSpold XMLs not available)
zero-input,b0b635cf-368a-3b82-adbb-2fa21da7f802,"Tyre wear emissions, passenger car",RER,kilogram,transport systems,100,detected from the Brightway import (ecoSpold XMLs not available)
screening-csv,99a93e93-a8a8-34f3-88f3-6af0c21c4762,"Vinyl chloride, at plant",RER,kilogram,chemicals,453,detected from the Brightway import (ecoSpold XMLs not available)
screening-csv,3b62ceeb-bbd2-35c6-b2e8-ea59f71d7690,Washing machine,CH,unit,private consumption,1655,detected from the Brightway import (ecoSpold XMLs not available)
screening-csv,e33af7c7-9f40-3d65-8238-14602389c1a1,"Washing machine, at retailer",CH,unit,private consumption,1655,detected from the Brightway import (ecoSpold XMLs not available)
screening-csv,3a8c93a3-f89e-30d6-8203-ee0ead9dbfff,"Window frame, aluminium, Hydro, Circal, Wicline 75evo, U=1.2W/m2K, at regional storage",CH,square meter,building components,1659,detected from the Brightway import (ecoSpold XMLs not available)
screening-csv,74915c71-54fa-3aa1-b27b-c6d86c00acea,"Window frame, wood, opaquely painted, U=1.0 W/m2K, Baumgartner, wall opening, at plant",CH,square meter,building components,1659,detected from the Brightway import (ecoSpold XMLs not available)
screening-csv,a525830f-1696-3c3d-9e5e-93419c206be6,"Window frame, wood-metal, opaquely painted, U=1.0 W/m2K, Baumgartner, wall opening, at plant",CH,square meter,building components,1660,detected from the Brightway import (ecoSpold XMLs not available)
screening-csv,be501b1b-8393-3760-8658-39e93bcd6934,"Wood preservative, inorganic salt, containing Cr, at plant",RER,kilogram,chemicals,1302,detected from the Brightway import (ecoSpold XMLs not available)
screening-csv,1b7a81dc-1797-3c93-ae60-f239501da3c3,"Wood preservative, organic salt, Cr-free, at plant",RER,kilogram,chemicals,1302,detected from the Brightway import (ecoSpold XMLs not available)
screening-csv,a29aa0d5-9e37-34d7-8868-8a4fff95350a,"Xylene, at plant",RER,kilogram,chemicals,370,detected from the Brightway import (ecoSpold XMLs not available)
screening-csv,68bb95fd-1526-388c-a01a-50b8d99534b1,"Zeolite, powder, at plant",RER,kilogram,chemicals,1302,detected from the Brightway import (ecoSpold XMLs not available)
screening-csv,daf2331c-b983-3d66-a43d-676900fd0d36,"Zeolite, slurry, 50% in H2O, at plant",RER,kilogram,chemicals,1302,detected from the Brightway import (ecoSpold XMLs not available)
zero-input,cbc085d1-8fa8-3ed4-8f71-19feb9c407c1,"xx Application, digested matter from biowaste in agricultural co-digestion, covered",CH,kilogram,"processing, obsolete",34,detected from the Brightway import (ecoSpold XMLs not available)
zero-input,f8bfbafc-9557-42da-bfcd-389e11949103,"xx Disposal, building, mineral wool, to recycling",CH,kilogram,"waste treatment, obsolete",4,detected from the Brightway import (ecoSpold XMLs not available)
zero-input,a09bfe4f-a5af-37c5-9dad-88b4757f41a8,"xx Hardwood, allocation correction, 2",RER,cubic meter,"material, obsolete",4,detected from the Brightway import (ecoSpold XMLs not available)
zero-input,7db19b76-715f-307a-9a2e-c40670b64be7,"xx Hardwood, allocation correction, 3",RER,cubic meter,"material, obsolete",4,detected from the Brightway import (ecoSpold XMLs not available)
screening-csv,c3604814-e4ea-34f4-b598-79591fbf1483,"xx Layered sodium silicate, SKS-6, powder, at plant",RER,kilogram,"material, obsolete",1302,detected from the Brightway import (ecoSpold XMLs not available)
screening-csv,ddefdbda-3a45-39fc-84ad-17c4c7bdc3f9,"xx Packaging glass, brown, at plant",CH,kilogram,"material, obsolete",1302,detected from the Brightway import (ecoSpold XMLs not available)
screening-csv,a66b5e9d-fce8-3d9d-afc4-8c422a9b9410,"xx Packaging glass, brown, at regional storage",CH,kilogram,"material, obsolete",1302,detected from the Brightway import (ecoSpold XMLs not available)
screening-csv,b3da2a0c-5179-317d-8f16-84285a50248f,"xx Packaging glass, green, at plant",CH,kilogram,"material, obsolete",1302,detected from the Brightway import (ecoSpold XMLs not available)
screening-csv,fdbb581d-5d5c-31e2-ab83-aaa51229114d,"xx Packaging glass, green, at regional storage",CH,kilogram,"material, obsolete",1302,detected from the Brightway import (ecoSpold XMLs not available)
screening-csv,22f39631-187e-3cce-b067-be74006bb52a,"xx Packaging glass, white, at plant",CH,kilogram,"material, obsolete",1302,detected from the Brightway import (ecoSpold XMLs not available)
screening-csv,6d36bf06-a935-397b-871f-5da5b0b79b0b,"xx Packaging glass, white, at regional storage",CH,kilogram,"material, obsolete",1302,detected from the Brightway import (ecoSpold XMLs not available)
zero-input,bb00ada1-0824-3cac-9d68-0cafa5746879,"xx Softwood, allocation correction, 2",RER,cubic meter,"material, obsolete",4,detected from the Brightway import (ecoSpold XMLs not available)
zero-input,139cddc6-8cc9-3316-b9af-142209ef6ab4,"xxx Hardwood, Scandinavian, standing, under bark, in forest",NORDEL,cubic meter,"material, obsolete",7,detected from the Brightway import (ecoSpold XMLs not available)
zero-input,eda3df4e-84d5-327c-a694-0b0d78facc62,"xxx Hardwood, standing, under bark, in forest",RER,cubic meter,"material, obsolete",7,detected from the Brightway import (ecoSpold XMLs not available)
zero-input,43f83ccf-e697-3e15-b9a0-0194557dda7c,"xxx Softwood, Scandinavian, standing, under bark, in forest",NORDEL,cubic meter,"material, obsolete",7,detected from the Brightway import (ecoSpold XMLs not available)
zero-input,e789344b-af7e-311f-9ad9-c40670963dc5,"xxx Softwood, standing, under bark, in forest",RER,cubic meter,"material, obsolete",7,detected from the Brightway import (ecoSpold XMLs not available)
screening-csv,2b7663df-e40b-3aa9-b7ee-2ae098409a40,"xxx Wood wool boards, cement bonded, at plant",RER,cubic meter,"material, obsolete",1302,detected from the Brightway import (ecoSpold XMLs not available)
